Workbook

Sheet 分析表
B1: 一、初步的分类
B2: 级别 | C2: 职级 | D2: 年限 | E2: 岗位名称 | F2: 在招岗位数量 | G2: 收入区间 | H2: 最高薪资 | I2: 最低薪资 | J2: 平均数 | K2: 中位值
B3: 初级 | C3: 1 | D3: 1-3年 | E3: 销售岗 | F3: 23 | G3: 10-20k | H3: 24 | I3: 8 | J3: 14.021739 | K3: 14
B4: 中级 | C4: 2 | D4: 1-3年、3-5年 | E4: 销售经理 | F4: 70 | G4: 15-40k | H4: 60 | I4: 8 | J4: 21.321429 | K4: 19.25
B5: 高级 | C5: 3 | D5: 3-5年、5-10年 | E5: 高级销售经理 | F5: 40 | G5: 15-50k | H5: 65 | I5: 10 | J5: 27.5625 | K5: 22.5
B6: 资深 | C6: 4 | D6: 5-10年 | E6: 销售专家 | F6: 8 | G6: 30-60k | H6: 65 | I6: 26 | J6: 44.75 | K6: 45
B7: 管理人员 | C7: 5 | E7: 销售经理/总监 | F7: 12 | G7: 15-40k | H7: 65 | I7: 13 | J7: 25.791667 | K7: 22.5
B10: 二、市场薪酬水平
B11: 1、计算每个职级的分位值：例如中位数（50分位）、以此类推 | G11: 参考函数：PERCENTILE
B12: 职级 | C12: 市场10分位 | D12: 市场25分位 | E12: 市场50分位 | F12: 市场75分位 | G12: 市场90分位 | I12: 例如：年薪12万处于什么分位？
B13: 1 | C13: =PERCENTILE(Sheet2!$D2:$D24,0.1) -> 12.5 | D13: =PERCENTILE(Sheet2!$D2:$D24,0.25) -> 12.5 | E13: =PERCENTILE(Sheet2!$D2:$D24,0.5) -> 14 | F13: =PERCENTILE(Sheet2!$D2:$D24,0.75) -> 15.25 | G13: =PERCENTILE(Sheet2!$D2:$D24,0.9) -> 15.9
B14: 2 | C14: =PERCENTILE(Sheet2!$H2:$H71,0.1) -> 15.5 | D14: =PERCENTILE(Sheet2!$H2:$H71,0.25) -> 17.5 | E14: =PERCENTILE(Sheet2!$H2:$H71,0.5) -> 19.25 | F14: =PERCENTILE(Sheet2!$H2:$H71,0.75) -> 22.5 | G14: =PERCENTILE(Sheet2!$H2:$H71,0.9) -> 31.4
B15: 3 | C15: =PERCENTILE(Sheet2!$L2:$L41,0.1) -> 15.5 | D15: =PERCENTILE(Sheet2!$L2:$L41,0.25) -> 16 | E15: =PERCENTILE(Sheet2!$L2:$L41,0.5) -> 22.5 | F15: =PERCENTILE(Sheet2!$L2:$L41,0.75) -> 40 | G15: =PERCENTILE(Sheet2!$L2:$L41,0.9) -> 45
B16: 4 | C16: =PERCENTILE(Sheet2!$P2:$P9,0.1) -> 42.9 | D16: =PERCENTILE(Sheet2!$P2:$P9,0.25) -> 45 | E16: =PERCENTILE(Sheet2!$P2:$P9,0.5) -> 45 | F16: =PERCENTILE(Sheet2!$P2:$P9,0.75) -> 45 | G16: =PERCENTILE(Sheet2!$P2:$P9,0.9) -> 46.5
B17: 5 | C17: =PERCENTILE(Sheet2!$T2:$T13,0.1) -> 20 | D17: =PERCENTILE(Sheet2!$T2:$T13,0.25) -> 21.875 | E17: =PERCENTILE(Sheet2!$T2:$T13,0.5) -> 22.5 | F17: =PERCENTILE(Sheet2!$T2:$T13,0.75) -> 28.125 | G17: =PERCENTILE(Sheet2!$T2:$T13,0.9) -> 30
B19: 2、计算每个职级的薪酬水平 | G19: 参考函数：LN函数取对数
B20: 职级 | C20: 市场10分位 | D20: 市场25分位 | E20: 市场50分位 | F20: 市场75分位 | G20: 市场90分位 | I20: 目的：薪酬统一到正态分布的水平
B21: 1 | C21: =LN(C13) -> 2.5257286 | D21: =LN(D13) -> 2.5257286 | E21: =LN(E13) -> 2.6390573 | F21: =LN(F13) -> 2.7245795 | G21: =LN(G13) -> 2.7663191
B22: 2 | C22: =LN(C14) -> 2.74084 | D22: =LN(D14) -> 2.8622009 | E22: =LN(E14) -> 2.9575111 | F22: =LN(F14) -> 3.1135153 | G22: =LN(G14) -> 3.4468079
B23: 3 | C23: =LN(C15) -> 2.74084 | D23: =LN(D15) -> 2.7725887 | E23: =LN(E15) -> 3.1135153 | F23: =LN(F15) -> 3.6888795 | G23: =LN(G15) -> 3.8066625
B24: 4 | C24: =LN(C16) -> 3.7588718 | D24: =LN(D16) -> 3.8066625 | E24: =LN(E16) -> 3.8066625 | F24: =LN(F16) -> 3.8066625 | G24: =LN(G16) -> 3.8394523
B25: 5 | C25: =LN(C17) -> 2.9957323 | D25: =LN(D17) -> 3.0853444 | E25: =LN(E17) -> 3.1135153 | F25: =LN(F17) -> 3.3366589 | G25: =LN(G17) -> 3.4011974
B27: 3、求出斜率和截距对数，得到回归后的市场薪酬水平 | G27: 斜率参考函数：SLOPE函数；截距参考函数：INTERCEPT函数
B28: 数据 | C28: 市场10分位 | D28: 市场25分位 | E28: 市场50分位 | F28: 市场75分位 | G28: 市场90分位
B29: 斜率 | C29: {=SLOPE(C21:C25,$B21:$B25)} -> 0.19580391 | D29: {=SLOPE(D21:D25,$B21:$B25)} -> 0.20636932 | E29: {=SLOPE(E21:E25,$B21:$B25)} -> 0.17980674 | F29: {=SLOPE(F21:F25,$B21:$B25)} -> 0.19173059 | G29: {=SLOPE(G21:G25,$B21:$B25)} -> 0.1662401
B30: 截距对数 | C30: {=INTERCEPT(C21:C25,$B21:$B25)} -> 2.3649908 | D30: {=INTERCEPT(D21:D25,$B21:$B25)} -> 2.3913971 | E30: {=INTERCEPT(E21:E25,$B21:$B25)} -> 2.5866321 | F30: {=INTERCEPT(F21:F25,$B21:$B25)} -> 2.7588674 | G30: {=INTERCEPT(G21:G25,$B21:$B25)} -> 2.9533675
B33: 4、计算回归后的市场薪酬水平 | G33: 参考函数：计算结果=exp(截距对数)*exp(斜率*职级)
B34: 职级 | C34: 市场10分位 | D34: 市场25分位 | E34: 市场50分位 | F34: 市场75分位 | G34: 市场90分位
B35: 1 | C35: =EXP(C30+C29*$B35) -> 12.946102 | D35: =EXP(D30+D29*$B35) -> 13.433699 | E35: =EXP(E30+E29*$B35) -> 15.901904 | F35: =EXP(F30+F29*$B35) -> 19.117381 | G35: =EXP(G30+G29*$B35) -> 22.637496
B36: 2 | C36: =EXP(C30+C29*$B36) -> 15.746193 | D36: =EXP(D30+D29*$B36) -> 16.512798 | E36: =EXP(E30+E29*$B36) -> 19.034356 | F36: =EXP(F30+F29*$B36) -> 23.157728 | G36: =EXP(G30+G29*$B36) -> 26.731636
B37: 3 | C37: =EXP(C30+C29*$B37) -> 19.151912 | D37: =EXP(D30+D29*$B37) -> 20.297648 | E37: =EXP(E30+E29*$B37) -> 22.783858 | F37: =EXP(F30+F29*$B37) -> 28.051977 | G37: =EXP(G30+G29*$B37) -> 31.566229
B38: 4 | C38: =EXP(C30+C29*$B38) -> 23.294248 | D38: =EXP(D30+D29*$B38) -> 24.950013 | E38: =EXP(E30+E29*$B38) -> 27.271959 | F38: =EXP(F30+F29*$B38) -> 33.980598 | G38: =EXP(G30+G29*$B38) -> 37.275189
B39: 5 | C39: =EXP(C30+C29*$B39) -> 28.332523 | D39: =EXP(D30+D29*$B39) -> 30.668733 | E39: =EXP(E30+E29*$B39) -> 32.644154 | F39: =EXP(F30+F29*$B39) -> 41.162198 | G39: =EXP(G30+G29*$B39) -> 44.016653
B42: 5、年薪
B43: 职级 | C43: 市场10分位 | D43: 市场25分位 | E43: 市场50分位 | F43: 市场75分位 | G43: 市场90分位
B44: 1 | C44: =C35*1.2 -> 15.535323 | D44: =D35*1.2 -> 16.120439 | E44: =E35*1.2 -> 19.082284 | F44: =F35*1.2 -> 22.940858 | G44: =G35*1.2 -> 27.164995
B45: 2 | C45: =C36*1.2 -> 18.895432 | D45: =D36*1.2 -> 19.815358 | E45: =E36*1.2 -> 22.841227 | F45: =F36*1.2 -> 27.789273 | G45: =G36*1.2 -> 32.077963
B46: 3 | C46: =C37*1.2 -> 22.982294 | D46: =D37*1.2 -> 24.357178 | E46: =E37*1.2 -> 27.34063 | F46: =F37*1.2 -> 33.662373 | G46: =G37*1.2 -> 37.879474
B47: 4 | C47: =C38*1.2 -> 27.953098 | D47: =D38*1.2 -> 29.940016 | E47: =E38*1.2 -> 32.726351 | F47: =F38*1.2 -> 40.776718 | G47: =G38*1.2 -> 44.730227
B48: 5 | C48: =C39*1.2 -> 33.999028 | D48: =D39*1.2 -> 36.80248 | E48: =E39*1.2 -> 39.172984 | F48: =F39*1.2 -> 49.394637 | G48: =G39*1.2 -> 52.819983

Sheet 数据清洗结果
A1: 明细表进行归类
A2: 外部信息
A3: 序号 | B3: 调研岗位 | C3: 调研公司 | D3: 级别 | E3: 职级 | F3: 岗位职责 | G3: 工作地点 | J3: 经验要求 | K3: 学历要求 | L3: 月度薪酬 | M3: 基本福利信息
G4: 省份 | H4: 城市 | I4: 区域
A5: 1 | B5: 销售岗 | C5: 电科金仓 | D5: {=_xlfn.IFS(J5="经验不限","初级",J5="1-3年","初级",J5="3-5年","中级",J5="5-10年","高级",J5="10年以上","资深")} -> 初级 | E5: {=_xlfn.IFS(D5="初级",1,D5="中级",2,D5="高级",3,D5="资深",4,D5="管理",5)} -> 1 | F5: 大区 | G5: 福州 | H5: 鼓楼区 | I5: 湖前 | J5: 经验不限 | K5: 本科 | L5: 10-11K | M5: 生日福利|定期体检|年终奖|餐补|股票期权|通讯补贴|带薪年假|交通补助|五险一金|绩效奖金|团建聚餐|零食下午茶|意外险|节日福利
A6: 2 | B6: 销售经理 | C6: 电科金仓 | D6: {=_xlfn.IFS(J6="经验不限","初级",J6="1-3年","初级",J6="3-5年","中级",J6="5-10年","高级",J6="10年以上","资深")} -> 中级 | E6: {=_xlfn.IFS(D6="初级",1,D6="中级",2,D6="高级",3,D6="资深",4,D6="管理",5)} -> 2 | F6: 区域行业|数据库 | G6: 南昌 | H6: 青山湖区 | I6: 京东 | J6: 3-5年 | K6: 本科 | L6: 11-22K | M6: 通讯补贴|交通补助|节日福利|年终奖|带薪年假|五险一金|绩效奖金|零食下午茶|生日福利|团建聚餐|意外险|定期体检|股票期权|餐补
A7: 3 | B7: 销售经理 | C7: 电科金仓 | D7: {=_xlfn.IFS(J7="经验不限","初级",J7="1-3年","初级",J7="3-5年","中级",J7="5-10年","高级",J7="10年以上","资深")} -> 中级 | E7: {=_xlfn.IFS(D7="初级",1,D7="中级",2,D7="高级",3,D7="资深",4,D7="管理",5)} -> 2 | F7: 拉萨|基础软件 | G7: 拉萨 | H7: 城关区 | I7: 市政府 | J7: 3-5年 | K7: 本科 | L7: 15-20K | M7: 节日福利|交通补助|带薪年假|五险一金|团建聚餐|意外险|通讯补贴|年终奖|定期体检|餐补|生日福利|零食下午茶|股票期权|绩效奖金
A8: 4 | B8: 销售经理 | C8: 电科金仓 | D8: {=_xlfn.IFS(J8="经验不限","初级",J8="1-3年","初级",J8="3-5年","中级",J8="5-10年","高级",J8="10年以上","资深")} -> 中级 | E8: {=_xlfn.IFS(D8="初级",1,D8="中级",2,D8="高级",3,D8="资深",4,D8="管理",5)} -> 2 | F8: 区域行业 | G8: 福州 | H8: 闽侯县 | I8: 新西客站 | J8: 3-5年 | K8: 本科 | L8: 12-24K | M8: 年终奖|生日福利|意外险|餐补|交通补助|节日福利|团建聚餐|带薪年假|定期体检|绩效奖金|通讯补贴|零食下午茶|股票期权|五险一金
A9: 6 | B9: 销售经理 | C9: 电科金仓 | D9: {=_xlfn.IFS(J9="经验不限","初级",J9="1-3年","初级",J9="3-5年","中级",J9="5-10年","高级",J9="10年以上","资深")} -> 中级 | E9: {=_xlfn.IFS(D9="初级",1,D9="中级",2,D9="高级",3,D9="资深",4,D9="管理",5)} -> 2 | F9: 区域行业 | G9: 杭州 | H9: 西湖区 | I9: 西溪 | J9: 3-5年 | K9: 本科 | L9: 15-30K | M9: 通讯补贴|零食下午茶|生日福利|餐补|年终奖|节日福利|团建聚餐|股票期权|绩效奖金|带薪年假|交通补助|定期体检|意外险|五险一金
A10: 7 | B10: 销售经理 | C10: 电科金仓 | D10: {=_xlfn.IFS(J10="经验不限","初级",J10="1-3年","初级",J10="3-5年","中级",J10="5-10年","高级",J10="10年以上","资深")} -> 中级 | E10: {=_xlfn.IFS(D10="初级",1,D10="中级",2,D10="高级",3,D10="资深",4,D10="管理",5)} -> 2 | F10: 生态 | G10: 北京 | H10: 朝阳区 | I10: 望京 | J10: 3-5年 | K10: 本科 | L10: 15-25K | M10: 生日福利|绩效奖金|交通补助|意外险|带薪年假|节日福利|餐补|五险一金|股票期权|年终奖|通讯补贴|零食下午茶|定期体检|团建聚餐
A11: 8 | B11: 销售经理/总监 | C11: 电科金仓 | D11: 管理 | E11: {=_xlfn.IFS(D11="初级",1,D11="中级",2,D11="高级",3,D11="资深",4,D11="管理",5)} -> 5 | F11: 交通行业 | G11: 广州 | H11: 越秀区 | I11: 北京路 | J11: 5-10年 | K11: 本科 | L11: 15-30K | M11: 通讯补贴|定期体检|股票期权|五险一金|团建聚餐|交通补助|餐补|带薪年假|年终奖|节日福利|绩效奖金|意外险|生日福利|零食下午茶
A12: 9 | B12: 销售经理 | C12: 电科金仓 | D12: {=_xlfn.IFS(J12="经验不限","初级",J12="1-3年","初级",J12="3-5年","中级",J12="5-10年","高级",J12="10年以上","资深")} -> 中级 | E12: {=_xlfn.IFS(D12="初级",1,D12="中级",2,D12="高级",3,D12="资深",4,D12="管理",5)} -> 2 | F12: 部委行业 | G12: 北京 | H12: 朝阳区 | I12: 望京 | J12: 3-5年 | K12: 本科 | L12: 15-30K | M12: 生日福利|年终奖|意外险|通讯补贴|零食下午茶|餐补|五险一金|股票期权|绩效奖金|交通补助|带薪年假|定期体检|团建聚餐|节日福利
A13: 10 | B13: 销售经理 | C13: 电科金仓 | D13: {=_xlfn.IFS(J13="经验不限","初级",J13="1-3年","初级",J13="3-5年","中级",J13="5-10年","高级",J13="10年以上","资深")} -> 中级 | E13: {=_xlfn.IFS(D13="初级",1,D13="中级",2,D13="高级",3,D13="资深",4,D13="管理",5)} -> 2 | F13: 区域行业 | G13: 宁波 | H13: 鄞州区 | I13: 福明 | J13: 3-5年 | K13: 本科 | L13: 15-25K | M13: 带薪年假|五险一金|意外险|定期体检|年终奖|餐补|绩效奖金|团建聚餐|通讯补贴|交通补助|零食下午茶|股票期权|节日福利|生日福利
A14: 11 | B14: 事业部总经理 | C14: 电科金仓 | D14: 管理 | E14: {=_xlfn.IFS(D14="初级",1,D14="中级",2,D14="高级",3,D14="资深",4,D14="管理",5)} -> 5 | F14: 企业|政府/社会团体|数据库|区域行业|事业部管理 | G14: 北京 | H14: 朝阳区 | I14: 望京 | J14: 10年以上 | K14: 本科 | L14: 35-65K | M14: 交通补助|节日福利|意外险|通讯补贴|团建聚餐|生日福利|年终奖|股票期权|定期体检|五险一金|绩效奖金|零食下午茶|餐补|带薪年假
A15: 12 | B15: 销售经理 | C15: 电科金仓 | D15: {=_xlfn.IFS(J15="经验不限","初级",J15="1-3年","初级",J15="3-5年","中级",J15="5-10年","高级",J15="10年以上","资深")} -> 中级 | E15: {=_xlfn.IFS(D15="初级",1,D15="中级",2,D15="高级",3,D15="资深",4,D15="管理",5)} -> 2 | F15: 区域行业 | G15: 太原 | H15: 小店区 | I15: 学府街 | J15: 3-5年 | K15: 本科 | L15: 12-24K | M15: 意外险|生日福利|节日福利|股票期权|零食下午茶|团建聚餐|通讯补贴|带薪年假|餐补|交通补助|定期体检|年终奖|绩效奖金|五险一金
A16: 13 | B16: 高级销售经理 | C16: 电科金仓 | D16: {=_xlfn.IFS(J16="经验不限","初级",J16="1-3年","初级",J16="3-5年","中级",J16="5-10年","高级",J16="10年以上","资深")} -> 高级 | E16: {=_xlfn.IFS(D16="初级",1,D16="中级",2,D16="高级",3,D16="资深",4,D16="管理",5)} -> 3 | F16: 区域行业 | G16: 广州 | H16: 越秀区 | I16: 东风中路 | J16: 5-10年 | K16: 本科 | L16: 15-25K | M16: 团建聚餐|带薪年假|节日福利|定期体检|年终奖|通讯补贴|绩效奖金|股票期权|意外险|交通补助|生日福利|零食下午茶|餐补|五险一金
A17: 14 | B17: 销售经理 | C17: 电科金仓 | D17: {=_xlfn.IFS(J17="经验不限","初级",J17="1-3年","初级",J17="3-5年","中级",J17="5-10年","高级",J17="10年以上","资深")} -> 中级 | E17: {=_xlfn.IFS(D17="初级",1,D17="中级",2,D17="高级",3,D17="资深",4,D17="管理",5)} -> 2 | F17: 区域行业 | G17: 深圳 | H17: 福田区 | I17: 石厦 | J17: 3-5年 | K17: 本科 | L17: 20-28K | M17: 交通补助|带薪年假|生日福利|意外险|团建聚餐|节日福利|年终奖|五险一金|餐补|绩效奖金|通讯补贴|定期体检|股票期权|零食下午茶
A18: 15 | B18: 销售经理/总监 | C18: 电科金仓 | D18: 管理 | E18: {=_xlfn.IFS(D18="初级",1,D18="中级",2,D18="高级",3,D18="资深",4,D18="管理",5)} -> 5 | F18: 电力行业 | G18: 北京 | H18: 朝阳区 | I18: 望京 | J18: 3-5年 | K18: 本科 | L18: 15-30K | M18: 绩效奖金|零食下午茶|生日福利|年终奖|带薪年假|节日福利|餐补|股票期权|团建聚餐|五险一金|定期体检|通讯补贴|意外险|交通补助
A19: 16 | B19: 销售总监 | C19: 电科金仓 | D19: 管理 | E19: {=_xlfn.IFS(D19="初级",1,D19="中级",2,D19="高级",3,D19="资深",4,D19="管理",5)} -> 5 | F19: 区域行业 | G19: 上海 | H19: 浦东新区 | I19: 陆家嘴 | J19: 5-10年 | K19: 本科 | L19: 20-40K | M19: 绩效奖金|带薪年假|团建聚餐|节日福利|通讯补贴|交通补助|零食下午茶|意外险|餐补|股票期权|定期体检|五险一金|生日福利|年终奖
A20: 17 | B20: 销售经理 | C20: 电科金仓 | D20: {=_xlfn.IFS(J20="经验不限","初级",J20="1-3年","初级",J20="3-5年","中级",J20="5-10年","高级",J20="10年以上","资深")} -> 中级 | E20: {=_xlfn.IFS(D20="初级",1,D20="中级",2,D20="高级",3,D20="资深",4,D20="管理",5)} -> 2 | F20: 区域行业 | G20: 济南 | H20: 历下区 | I20: 奥体 | J20: 3-5年 | K20: 本科 | L20: 12-20K | M20: 股票期权|绩效奖金|年终奖|交通补助|通讯补贴|团建聚餐|带薪年假|意外险|零食下午茶|定期体检|餐补|生日福利|节日福利|五险一金
A21: 18 | B21: 销售经理/总监 | C21: 电科金仓 | D21: 管理 | E21: {=_xlfn.IFS(D21="初级",1,D21="中级",2,D21="高级",3,D21="资深",4,D21="管理",5)} -> 5 | F21: 国防行业 | G21: 北京 | H21: 朝阳区 | I21: 望京 | J21: 3-5年 | K21: 本科 | L21: 15-30K | M21: 绩效奖金|定期体检|节日福利|生日福利|餐补|年终奖|股票期权|零食下午茶|交通补助|通讯补贴|带薪年假|意外险|团建聚餐|五险一金
A22: 19 | B22: 销售经理/总监 | C22: 电科金仓 | D22: 管理 | E22: {=_xlfn.IFS(D22="初级",1,D22="中级",2,D22="高级",3,D22="资深",4,D22="管理",5)} -> 5 | F22: 石油|数据库|石化 | G22: 上海 | H22: 浦东新区 | I22: 陆家嘴 | J22: 5-10年 | K22: 本科 | L22: 15-30K | M22: 绩效奖金|带薪年假|团建聚餐|节日福利|通讯补贴|交通补助|零食下午茶|意外险|餐补|股票期权|定期体检|五险一金|生日福利|年终奖
A23: 20 | B23: 销售总监 | C23: 电科金仓 | D23: 管理 | E23: {=_xlfn.IFS(D23="初级",1,D23="中级",2,D23="高级",3,D23="资深",4,D23="管理",5)} -> 5 | F23: 兵团|软件|数据库 | G23: 乌鲁木齐 | J23: 5-10年 | K23: 本科 | L23: 20-35K | M23: 节日福利|年终奖|交通补助|意外险|团建聚餐|餐补|通讯补贴|五险一金|股票期权|绩效奖金|零食下午茶|生日福利|定期体检|带薪年假
A24: 21 | B24: 销售经理 | C24: 北京海量数据 | D24: {=_xlfn.IFS(J24="经验不限","初级",J24="1-3年","初级",J24="3-5年","中级",J24="5-10年","高级",J24="10年以上","资深")} -> 中级 | E24: {=_xlfn.IFS(D24="初级",1,D24="中级",2,D24="高级",3,D24="资深",4,D24="管理",5)} -> 2 | F24: 杭州渠道 | G24: 杭州 | H24: 滨江区 | I24: 长河 | J24: 3-5年 | K24: 本科 | L24: 11-20K·24薪 | M24: 带薪年假|员工旅游|健身房|五险一金|补充医疗保险|股票期权|零食下午茶|餐补|定期体检|节日福利
A25: 22 | B25: 高级销售经理 | C25: 北京海量数据 | D25: {=_xlfn.IFS(J25="经验不限","初级",J25="1-3年","初级",J25="3-5年","中级",J25="5-10年","高级",J25="10年以上","资深")} -> 高级 | E25: {=_xlfn.IFS(D25="初级",1,D25="中级",2,D25="高级",3,D25="资深",4,D25="管理",5)} -> 3 | F25: 交通安平医疗国央企教育党政 | G25: 福州 | H25: 鼓楼区 | I25: 东街口 | J25: 5-10年 | K25: 本科 | L25: 11-20K·24薪 | M25: 员工旅游|带薪年假|健身房|定期体检|五险一金|餐补|补充医疗保险|节日福利|零食下午茶|股票期权
A26: 23 | B26: 销售岗 | C26: 北京海量数据 | D26: {=_xlfn.IFS(J26="经验不限","初级",J26="1-3年","初级",J26="3-5年","中级",J26="5-10年","高级",J26="10年以上","资深")} -> 初级 | E26: {=_xlfn.IFS(D26="初级",1,D26="中级",2,D26="高级",3,D26="资深",4,D26="管理",5)} -> 1 | G26: 上海 | H26: 长宁区 | I26: 北新泾 | J26: 1-3年 | K26: 本科 | L26: 10-15K·24薪 | M26: 补充医疗保险|股票期权|节日福利|健身房|零食下午茶|带薪年假|定期体检|五险一金|员工旅游|餐补
A27: 24 | B27: 销售岗 | C27: 北京海量数据 | D27: {=_xlfn.IFS(J27="经验不限","初级",J27="1-3年","初级",J27="3-5年","中级",J27="5-10年","高级",J27="10年以上","资深")} -> 初级 | E27: {=_xlfn.IFS(D27="初级",1,D27="中级",2,D27="高级",3,D27="资深",4,D27="管理",5)} -> 1 | F27: 医疗教育政府大企业 | G27: 武汉 | H27: 江汉区 | I27: 常青 | J27: 经验不限 | K27: 本科 | L27: 12-15K·24薪 | M27: 节日福利|餐补|带薪年假|五险一金|股票期权|定期体检|健身房|补充医疗保险|零食下午茶|员工旅游
A28: 25 | B28: 高级销售经理 | C28: 北京海量数据 | D28: {=_xlfn.IFS(J28="经验不限","初级",J28="1-3年","初级",J28="3-5年","中级",J28="5-10年","高级",J28="10年以上","资深")} -> 高级 | E28: {=_xlfn.IFS(D28="初级",1,D28="中级",2,D28="高级",3,D28="资深",4,D28="管理",5)} -> 3 | F28: 交通行业|航司|空管|机场 | G28: 北京 | H28: 海淀区 | I28: 学院路 | J28: 5-10年 | K28: 本科 | L28: 13-14K·24薪 | M28: 员工旅游|股票期权|定期体检|补充医疗保险|健身房|五险一金|餐补|零食下午茶|节日福利|带薪年假
A29: 26 | B29: 销售经理 | C29: 北京海量数据 | D29: {=_xlfn.IFS(J29="经验不限","初级",J29="1-3年","初级",J29="3-5年","中级",J29="5-10年","高级",J29="10年以上","资深")} -> 中级 | E29: {=_xlfn.IFS(D29="初级",1,D29="中级",2,D29="高级",3,D29="资深",4,D29="管理",5)} -> 2 | F29: 政府/教育/医疗/企业/交通/能源 | G29: 北京 | H29: 海淀区 | I29: 学院路 | J29: 3-5年 | K29: 本科 | L29: 13-25K·24薪 | M29: 定期体检|员工旅游|股票期权|五险一金|零食下午茶|餐补|补充医疗保险|节日福利|健身房|带薪年假
A30: 27 | B30: 销售经理 | C30: 北京海量数据 | D30: {=_xlfn.IFS(J30="经验不限","初级",J30="1-3年","初级",J30="3-5年","中级",J30="5-10年","高级",J30="10年以上","资深")} -> 中级 | E30: {=_xlfn.IFS(D30="初级",1,D30="中级",2,D30="高级",3,D30="资深",4,D30="管理",5)} -> 2 | F30: 软件/信息化服务销售经验|医疗/大健康|定制解决方案|先进制造|B端市场开发经验|面销/陌拜经验|业务开拓能力|收集分析市场信息|客户关系维护|新客户开发|计算机相关学历|商务谈判技巧|市场营销相关学历|较多外勤|企业服务|通信/网络设备|制定销售策略和目标|软件/SaaS|互联网/科技 | G30: 长沙 | H30: 开福区 | I30: 北辰三角洲 | J30: 3-5年 | K30: 本科 | L30: 15-20K·24薪 | M30: 零食下午茶|带薪年假|五险一金|补充医疗保险|餐补|健身房|节日福利|股票期权|员工旅游|定期体检
A31: 28 | B31: 销售经理 | C31: 北京海量数据 | D31: {=_xlfn.IFS(J31="经验不限","初级",J31="1-3年","初级",J31="3-5年","中级",J31="5-10年","高级",J31="10年以上","资深")} -> 中级 | E31: {=_xlfn.IFS(D31="初级",1,D31="中级",2,D31="高级",3,D31="资深",4,D31="管理",5)} -> 2 | F31: 信创软件 | G31: 南京 | H31: 建邺区 | I31: 江东 | J31: 3-5年 | K31: 本科 | L31: 12-24K | M31: 带薪年假|餐补|五险一金|节日福利|股票期权|员工旅游|补充医疗保险|定期体检|健身房|零食下午茶
A32: 29 | B32: 销售经理 | C32: 北京海量数据 | D32: 中级 | E32: {=_xlfn.IFS(D32="初级",1,D32="中级",2,D32="高级",3,D32="资深",4,D32="管理",5)} -> 2 | G32: 兰州 | H32: 城关区 | I32: 东湖 | J32: 3-5年 | K32: 本科 | L32: 15-25K·14薪 | M32: 五险一金|股票期权|带薪年假|餐补|员工旅游|健身房|零食下午茶|节日福利|补充医疗保险|定期体检
A33: 30 | B33: 销售经理 | C33: 北京海量数据 | D33: {=_xlfn.IFS(J33="经验不限","初级",J33="1-3年","初级",J33="3-5年","中级",J33="5-10年","高级",J33="10年以上","资深")} -> 中级 | E33: {=_xlfn.IFS(D33="初级",1,D33="中级",2,D33="高级",3,D33="资深",4,D33="管理",5)} -> 2 | F33: ka-信息化产品 | G33: 珠海 | H33: 香洲区 | I33: 拱北 | J33: 3-5年 | K33: 本科 | L33: 15-25K·24薪 | M33: 带薪年假|补充医疗保险|五险一金|餐补|零食下午茶|股票期权|节日福利|员工旅游|定期体检|健身房
A34: 31 | B34: 销售经理 | C34: 北京海量数据 | D34: {=_xlfn.IFS(J34="经验不限","初级",J34="1-3年","初级",J34="3-5年","中级",J34="5-10年","高级",J34="10年以上","资深")} -> 中级 | E34: {=_xlfn.IFS(D34="初级",1,D34="中级",2,D34="高级",3,D34="资深",4,D34="管理",5)} -> 2 | F34: 航司轨交铁路 | G34: 上海 | H34: 长宁区 | I34: 北新泾 | J34: 3-5年 | K34: 本科 | L34: 15-25K·24薪 | M34: 股票期权|五险一金|零食下午茶|定期体检|餐补|带薪年假|节日福利|健身房|补充医疗保险|员工旅游
A35: 32 | B35: 大客户销售经理/总监 | C35: 北京海量数据 | D35: 管理 | E35: {=_xlfn.IFS(D35="初级",1,D35="中级",2,D35="高级",3,D35="资深",4,D35="管理",5)} -> 5 | F35: 新客户开发|客户关系维护|软件/SaaS|通信/网络设备|B端市场开发经验|软件/信息化服务销售经验|信创|计算机|软件|硬件|IT服务 | G35: 深圳 | H35: 南山区 | I35: 科技园 | J35: 3-5年 | K35: 本科 | L35: 13-26K·24薪 | M35: 员工旅游|补充医疗保险|定期体检|零食下午茶|健身房|五险一金|餐补|带薪年假|股票期权|节日福利
A36: 33 | B36: 高级销售经理 | C36: 北京海量数据 | D36: {=_xlfn.IFS(J36="经验不限","初级",J36="1-3年","初级",J36="3-5年","中级",J36="5-10年","高级",J36="10年以上","资深")} -> 高级 | E36: {=_xlfn.IFS(D36="初级",1,D36="中级",2,D36="高级",3,D36="资深",4,D36="管理",5)} -> 3 | F36: 医疗/公安/交通-软件/信息化服务销售经验|商务谈判技巧|B端市场开发经验|通信/网络设备|软件/SaaS|业务开拓能力|互联网/科技 | G36: 太原 | H36: 小店区 | I36: 北营 | J36: 5-10年 | K36: 本科 | L36: 12-20K·24薪 | M36: 员工旅游|零食下午茶|餐补|定期体检|节日福利|补充医疗保险|带薪年假|股票期权|健身房|五险一金
A37: 34 | B37: 销售岗 | C37: 北京海量数据 | D37: {=_xlfn.IFS(J37="经验不限","初级",J37="1-3年","初级",J37="3-5年","中级",J37="5-10年","高级",J37="10年以上","资深")} -> 初级 | E37: {=_xlfn.IFS(D37="初级",1,D37="中级",2,D37="高级",3,D37="资深",4,D37="管理",5)} -> 1 | F37: 信创赛道 | G37: 北京 | H37: 海淀区 | I37: 学院路 | J37: 1-3年 | K37: 本科 | L37: 10-15K·24薪 | M37: 五险一金|节日福利|定期体检|健身房|带薪年假|员工旅游|补充医疗保险|餐补|股票期权|零食下午茶
A38: 35 | B38: 销售经理 | C38: 北京海量数据 | D38: {=_xlfn.IFS(J38="经验不限","初级",J38="1-3年","初级",J38="3-5年","中级",J38="5-10年","高级",J38="10年以上","资深")} -> 中级 | E38: {=_xlfn.IFS(D38="初级",1,D38="中级",2,D38="高级",3,D38="资深",4,D38="管理",5)} -> 2 | F38: 软件/信息化服务销售经验|文教卫|B端市场开发经验|教育|医疗|医院|党政 | G38: 海口 | H38: 龙华区 | I38: 滨海大道 | J38: 3-5年 | K38: 本科 | L38: 14-25K·24薪 | M38: 五险一金|定期体检|股票期权|餐补|带薪年假|员工旅游|零食下午茶|健身房|节日福利|补充医疗保险
A39: 36 | B39: 高级销售经理 | C39: 北京海量数据 | D39: {=_xlfn.IFS(J39="经验不限","初级",J39="1-3年","初级",J39="3-5年","中级",J39="5-10年","高级",J39="10年以上","资深")} -> 高级 | E39: {=_xlfn.IFS(D39="初级",1,D39="中级",2,D39="高级",3,D39="资深",4,D39="管理",5)} -> 3 | F39: 公检法司/教育/医疗/高校/粤东医疗 | G39: 深圳 | H39: 南山区 | I39: 科技园 | J39: 5-10年 | K39: 本科 | L39: 11-20K·24薪 | M39: 零食下午茶|补充医疗保险|带薪年假|股票期权|定期体检|节日福利|餐补|健身房|五险一金|员工旅游
A40: 37 | B40: 销售岗 | C40: 北京海量数据 | D40: {=_xlfn.IFS(J40="经验不限","初级",J40="1-3年","初级",J40="3-5年","中级",J40="5-10年","高级",J40="10年以上","资深")} -> 初级 | E40: {=_xlfn.IFS(D40="初级",1,D40="中级",2,D40="高级",3,D40="资深",4,D40="管理",5)} -> 1 | F40: 具有线下渠道销售经验|较强的商务谈判能力|较强的渠道拓展能力|硬件/网络设备|较强的沟通协调能力|较强的市场分析能力|软件/SaaS|渠道/机构客户开发|渠道关系维护 | G40: 上海 | H40: 长宁区 | I40: 北新泾 | J40: 1-3年 | K40: 本科 | L40: 11-20K·24薪 | M40: 节日福利|股票期权|定期体检|带薪年假|五险一金|餐补|健身房|补充医疗保险|零食下午茶|员工旅游
A41: 38 | B41: 销售经理 | C41: 北京海量数据 | D41: {=_xlfn.IFS(J41="经验不限","初级",J41="1-3年","初级",J41="3-5年","中级",J41="5-10年","高级",J41="10年以上","资深")} -> 中级 | E41: {=_xlfn.IFS(D41="初级",1,D41="中级",2,D41="高级",3,D41="资深",4,D41="管理",5)} -> 2 | F41: 烟草-信创软件 | G41: 南京 | H41: 建邺区 | I41: 江东 | J41: 3-5年 | K41: 本科 | L41: 15-20K·24薪 | M41: 餐补|定期体检|零食下午茶|健身房|带薪年假|补充医疗保险|节日福利|股票期权|五险一金|员工旅游
A42: 39 | B42: 高级销售经理 | C42: 北京海量数据 | D42: {=_xlfn.IFS(J42="经验不限","初级",J42="1-3年","初级",J42="3-5年","中级",J42="5-10年","高级",J42="10年以上","资深")} -> 高级 | E42: {=_xlfn.IFS(D42="初级",1,D42="中级",2,D42="高级",3,D42="资深",4,D42="管理",5)} -> 3 | F42: IT | G42: 昆明 | H42: 呈贡区 | I42: 龙城 | J42: 5-10年 | K42: 本科 | L42: 10-15K·24薪 | M42: 五险一金|带薪年假|定期体检|餐补|健身房|股票期权|员工旅游|节日福利|零食下午茶|补充医疗保险
A43: 40 | B43: 销售经理 | C43: 北京海量数据 | D43: {=_xlfn.IFS(J43="经验不限","初级",J43="1-3年","初级",J43="3-5年","中级",J43="5-10年","高级",J43="10年以上","资深")} -> 中级 | E43: {=_xlfn.IFS(D43="初级",1,D43="中级",2,D43="高级",3,D43="资深",4,D43="管理",5)} -> 2 | F43: 政府/教育/医疗/企业/交通等 | G43: 海口 | H43: 秀英区 | I43: 西海岸 | J43: 3-5年 | K43: 本科 | L43: 11-20K·24薪 | M43: 五险一金|零食下午茶|健身房|股票期权|补充医疗保险|定期体检|餐补|节日福利|带薪年假|员工旅游
A44: 41 | B44: 高级销售经理 | C44: 北京海量数据 | D44: {=_xlfn.IFS(J44="经验不限","初级",J44="1-3年","初级",J44="3-5年","中级",J44="5-10年","高级",J44="10年以上","资深")} -> 高级 | E44: {=_xlfn.IFS(D44="初级",1,D44="中级",2,D44="高级",3,D44="资深",4,D44="管理",5)} -> 3 | F44: 湖南军工行业 | G44: 长沙 | H44: 芙蓉区 | I44: 韭菜园 | J44: 5-10年 | K44: 本科 | L44: 15-30K | M44: 员工旅游|餐补|节日福利|定期体检|带薪年假|健身房|零食下午茶|股票期权|补充医疗保险|五险一金
A45: 42 | B45: 销售经理 | C45: 北京海量数据 | D45: {=_xlfn.IFS(J45="经验不限","初级",J45="1-3年","初级",J45="3-5年","中级",J45="5-10年","高级",J45="10年以上","资深")} -> 中级 | E45: {=_xlfn.IFS(D45="初级",1,D45="中级",2,D45="高级",3,D45="资深",4,D45="管理",5)} -> 2 | F45: 信创软件 | G45: 北京 | H45: 海淀区 | I45: 学院路 | J45: 3-5年 | K45: 本科 | L45: 12-24K | M45: 股票期权|补充医疗保险|五险一金|员工旅游|带薪年假|节日福利|餐补|定期体检|零食下午茶|健身房
A46: 43 | B46: 销售经理 | C46: 北京海量数据 | D46: 中级 | E46: {=_xlfn.IFS(D46="初级",1,D46="中级",2,D46="高级",3,D46="资深",4,D46="管理",5)} -> 2 | F46: 生态销售-BD-TOB|TOG|IT|信创 | G46: 南昌 | H46: 红谷滩区 | I46: 红角洲 | J46: 3-5年 | K46: 本科 | L46: 12-24K | M46: 节日福利|补充医疗保险|餐补|健身房|带薪年假|员工旅游|零食下午茶|定期体检|股票期权|五险一金
A47: 44 | B47: 销售经理 | C47: 北京海量数据 | D47: {=_xlfn.IFS(J47="经验不限","初级",J47="1-3年","初级",J47="3-5年","中级",J47="5-10年","高级",J47="10年以上","资深")} -> 中级 | E47: {=_xlfn.IFS(D47="初级",1,D47="中级",2,D47="高级",3,D47="资深",4,D47="管理",5)} -> 2 | F47: 信创产品-ka | G47: 佛山 | H47: 禅城区 | I47: 石湾 | J47: 3-5年 | K47: 本科 | L47: 15-25K·24薪 | M47: 股票期权|节日福利|员工旅游|五险一金|零食下午茶|餐补|定期体检|健身房|带薪年假|补充医疗保险
A48: 45 | B48: 高级销售经理 | C48: 北京海量数据 | D48: 高级 | E48: {=_xlfn.IFS(D48="初级",1,D48="中级",2,D48="高级",3,D48="资深",4,D48="管理",5)} -> 3 | F48: 军工行业 | G48: 西安 | H48: 雁塔区 | I48: 高新路 | J48: 5-10年 | K48: 本科 | L48: 15-25K·14薪 | M48: 健身房|定期体检|带薪年假|补充医疗保险|节日福利|餐补|零食下午茶|股票期权|五险一金|员工旅游
A49: 46 | B49: 销售经理 | C49: 北京海量数据 | D49: 中级 | E49: {=_xlfn.IFS(D49="初级",1,D49="中级",2,D49="高级",3,D49="资深",4,D49="管理",5)} -> 2 | F49: IT信创软件 | G49: 杭州 | H49: 上城区 | I49: 钱江新城 | J49: 3-5年 | K49: 本科 | L49: 13-26K | M49: 定期体检|股票期权|带薪年假|员工旅游|零食下午茶|餐补|补充医疗保险|节日福利|五险一金|健身房
A50: 47 | B50: 销售经理 | C50: 北京海量数据 | D50: {=_xlfn.IFS(J50="经验不限","初级",J50="1-3年","初级",J50="3-5年","中级",J50="5-10年","高级",J50="10年以上","资深")} -> 中级 | E50: {=_xlfn.IFS(D50="初级",1,D50="中级",2,D50="高级",3,D50="资深",4,D50="管理",5)} -> 2 | F50: 国防军工 | G50: 北京 | J50: 3-5年 | K50: 本科 | L50: 12-24K·24薪 | M50: 员工旅游|五险一金|定期体检|零食下午茶|餐补|健身房|节日福利|补充医疗保险|带薪年假|股票期权
A51: 48 | B51: 销售总监 | C51: 北京海量数据 | D51: 管理 | E51: {=_xlfn.IFS(D51="初级",1,D51="中级",2,D51="高级",3,D51="资深",4,D51="管理",5)} -> 5 | F51: 信创|企业客户 | G51: 成都 | H51: 武侯区 | I51: 桂溪 | J51: 5-10年 | K51: 本科 | L51: 15-25K·24薪 | M51: 五险一金|餐补|股票期权|带薪年假|零食下午茶|节日福利|员工旅游|补充医疗保险|定期体检|健身房
A52: 49 | B52: 销售岗 | C52: 北京海量数据 | D52: 初级 | E52: {=_xlfn.IFS(D52="初级",1,D52="中级",2,D52="高级",3,D52="资深",4,D52="管理",5)} -> 1 | F52: IT信创 | G52: 广州 | H52: 天河区 | I52: 天河公园 | J52: 1-3年 | K52: 本科 | L52: 12-24K·24薪 | M52: 员工旅游|定期体检|股票期权|带薪年假|补充医疗保险|零食下午茶|餐补|节日福利|健身房|五险一金
A53: 50 | B53: 销售经理 | C53: 北京海量数据 | D53: 中级 | E53: {=_xlfn.IFS(D53="初级",1,D53="中级",2,D53="高级",3,D53="资深",4,D53="管理",5)} -> 2 | F53: 面销/陌拜|政府/社会团体|软件/企业服务产品|医疗/大健康|先进制造|对企业/机构（ToB）销售经验|企业服务|企业（ToB）|面销/陌拜经验|互联网/科技|O2O|其他行业 | G53: 长沙 | H53: 开福区 | I53: 北辰三角洲 | J53: 3-5年 | K53: 本科 | L53: 10-15K·24薪 | M53: 五险一金|员工旅游|零食下午茶|定期体检|带薪年假|健身房|餐补|节日福利|股票期权|补充医疗保险
A54: 51 | B54: 销售经理 | C54: 北京海量数据 | D54: {=_xlfn.IFS(J54="经验不限","初级",J54="1-3年","初级",J54="3-5年","中级",J54="5-10年","高级",J54="10年以上","资深")} -> 中级 | E54: {=_xlfn.IFS(D54="初级",1,D54="中级",2,D54="高级",3,D54="资深",4,D54="管理",5)} -> 2 | F54: 信创|集成|软件/SaaS|交通|信息化|党政 | G54: 福州 | H54: 鼓楼区 | I54: 东街口 | J54: 3-5年 | K54: 本科 | L54: 14-20K·24薪 | M54: 定期体检|补充医疗保险|带薪年假|五险一金|零食下午茶|员工旅游|健身房|节日福利|餐补|股票期权
A55: 52 | B55: 高级销售经理 | C55: 北京海量数据 | D55: {=_xlfn.IFS(J55="经验不限","初级",J55="1-3年","初级",J55="3-5年","中级",J55="5-10年","高级",J55="10年以上","资深")} -> 高级 | E55: {=_xlfn.IFS(D55="初级",1,D55="中级",2,D55="高级",3,D55="资深",4,D55="管理",5)} -> 3 | F55: 国网-B端市场开发经验|软件/信息化服务销售经验 | G55: 北京 | H55: 海淀区 | I55: 学院路 | J55: 5-10年 | K55: 本科 | L55: 15-25K·24薪 | M55: 定期体检|带薪年假|员工旅游|补充医疗保险|五险一金|健身房|节日福利|股票期权|零食下午茶|餐补
A56: 53 | B56: 高级销售经理 | C56: 北京海量数据 | D56: {=_xlfn.IFS(J56="经验不限","初级",J56="1-3年","初级",J56="3-5年","中级",J56="5-10年","高级",J56="10年以上","资深")} -> 高级 | E56: {=_xlfn.IFS(D56="初级",1,D56="中级",2,D56="高级",3,D56="资深",4,D56="管理",5)} -> 3 | F56: 公检法司/教育/医疗/教育局/考试院 | G56: 广州 | H56: 天河区 | I56: 天河公园 | J56: 5-10年 | K56: 本科 | L56: 11-20K·24薪 | M56: 健身房|节日福利|定期体检|员工旅游|带薪年假|五险一金|股票期权|餐补|零食下午茶|补充医疗保险
A57: 54 | B57: 高级销售经理 | C57: 北京海量数据 | D57: 高级 | E57: {=_xlfn.IFS(D57="初级",1,D57="中级",2,D57="高级",3,D57="资深",4,D57="管理",5)} -> 3 | F57: 安平方向 | G57: 杭州 | H57: 西湖区 | I57: 西溪 | J57: 5-10年 | K57: 本科 | L57: 15-30K·24薪 | M57: 股票期权|五险一金|带薪年假|节日福利|补充医疗保险|员工旅游|定期体检|餐补|零食下午茶|健身房
A58: 55 | B58: 销售经理 | C58: 北京海量数据 | D58: {=_xlfn.IFS(J58="经验不限","初级",J58="1-3年","初级",J58="3-5年","中级",J58="5-10年","高级",J58="10年以上","资深")} -> 中级 | E58: {=_xlfn.IFS(D58="初级",1,D58="中级",2,D58="高级",3,D58="资深",4,D58="管理",5)} -> 2 | F58: 深圳渠道 | G58: 深圳 | H58: 龙岗区 | I58: 平湖 | J58: 3-5年 | K58: 本科 | L58: 15-16K·24薪 | M58: 股票期权|定期体检|零食下午茶|节日福利|餐补|带薪年假|员工旅游|五险一金|补充医疗保险|健身房
A59: 56 | B59: 销售经理 | C59: 北京海量数据 | D59: {=_xlfn.IFS(J59="经验不限","初级",J59="1-3年","初级",J59="3-5年","中级",J59="5-10年","高级",J59="10年以上","资深")} -> 中级 | E59: {=_xlfn.IFS(D59="初级",1,D59="中级",2,D59="高级",3,D59="资深",4,D59="管理",5)} -> 2 | F59: 安平/医疗/交通/晋南地市方向-软件/信息化服务销售经验|较多外勤|B端市场开发经验|制定销售策略和目标|软件/SaaS|业务开拓能力|互联网/科技|客户关系维护|新客户开发 | G59: 太原 | H59: 小店区 | I59: 北营 | J59: 3-5年 | K59: 本科 | L59: 10-15K·24薪 | M59: 健身房|补充医疗保险|带薪年假|五险一金|餐补|定期体检|员工旅游|节日福利|股票期权|零食下午茶
A60: 57 | B60: 销售经理 | C60: 北京海量数据 | D60: {=_xlfn.IFS(J60="经验不限","初级",J60="1-3年","初级",J60="3-5年","中级",J60="5-10年","高级",J60="10年以上","资深")} -> 中级 | E60: {=_xlfn.IFS(D60="初级",1,D60="中级",2,D60="高级",3,D60="资深",4,D60="管理",5)} -> 2 | F60: 软件/信息化服务销售经验|B端市场开发经验|软件/SaaS|新客户开发 | G60: 哈尔滨 | H60: 南岗区 | I60: 新春 | J60: 3-5年 | K60: 本科 | L60: 8-13K·24薪 | M60: 带薪年假|补充医疗保险|员工旅游|股票期权|定期体检|零食下午茶|餐补|节日福利|五险一金|健身房
A61: 58 | B61: 销售经理 | C61: 北京海量数据 | D61: {=_xlfn.IFS(J61="经验不限","初级",J61="1-3年","初级",J61="3-5年","中级",J61="5-10年","高级",J61="10年以上","资深")} -> 中级 | E61: {=_xlfn.IFS(D61="初级",1,D61="中级",2,D61="高级",3,D61="资深",4,D61="管理",5)} -> 2 | F61: 信息化产品-ka | G61: 东莞 | H61: 凤岗镇 | I61: 平湖 | J61: 3-5年 | K61: 本科 | L61: 15-25K·24薪 | M61: 节日福利|五险一金|员工旅游|定期体检|补充医疗保险|餐补|股票期权|带薪年假|零食下午茶|健身房
A62: 59 | B62: 销售经理/总监 | C62: 北京海量数据 | D62: 管理 | E62: {=_xlfn.IFS(D62="初级",1,D62="中级",2,D62="高级",3,D62="资深",4,D62="管理",5)} -> 5 | F62: 交通行业 | G62: 北京 | J62: 3-5年 | K62: 本科 | L62: 15-25K·24薪 | M62: 股票期权|餐补|健身房|员工旅游|补充医疗保险|五险一金|带薪年假|零食下午茶|节日福利|定期体检
A63: 60 | B63: 高级销售经理 | C63: 北京海量数据 | D63: 高级 | E63: {=_xlfn.IFS(D63="初级",1,D63="中级",2,D63="高级",3,D63="资深",4,D63="管理",5)} -> 3 | F63: 政府、医疗、交通-软件/信息化服务销售经验|B端市场开发经验|软件/SaaS | G63: 克拉玛依 | H63: 克拉玛依区 | I63: 三福商圈 | J63: 5-10年 | K63: 本科 | L63: 15-25K·14薪 | M63: 零食下午茶|五险一金|定期体检|股票期权|餐补|员工旅游|节日福利|带薪年假|补充医疗保险|健身房
A64: 61 | B64: 销售经理 | C64: 北京海量数据 | D64: {=_xlfn.IFS(J64="经验不限","初级",J64="1-3年","初级",J64="3-5年","中级",J64="5-10年","高级",J64="10年以上","资深")} -> 中级 | E64: {=_xlfn.IFS(D64="初级",1,D64="中级",2,D64="高级",3,D64="资深",4,D64="管理",5)} -> 2 | F64: 信创软件 | G64: 昆明 | H64: 官渡区 | I64: 昆明站 | J64: 3-5年 | K64: 本科 | L64: 12-24K·24薪 | M64: 股票期权|补充医疗保险|零食下午茶|带薪年假|员工旅游|五险一金|健身房|节日福利|餐补|定期体检
A65: 62 | B65: 高级销售经理 | C65: 北京海量数据 | D65: 高级 | E65: {=_xlfn.IFS(D65="初级",1,D65="中级",2,D65="高级",3,D65="资深",4,D65="管理",5)} -> 3 | F65: 企业（ToB）|对企业/机构（ToB）销售经验|军工央企|IT行业软硬件 | G65: 上海 | H65: 长宁区 | I65: 北新泾 | J65: 5-10年 | K65: 本科 | L65: 15-30K·24薪 | M65: 五险一金|补充医疗保险|健身房|股票期权|员工旅游|带薪年假|餐补|节日福利|零食下午茶|定期体检
A66: 63 | B66: 高级销售经理 | C66: 北京海量数据 | D66: {=_xlfn.IFS(J66="经验不限","初级",J66="1-3年","初级",J66="3-5年","中级",J66="5-10年","高级",J66="10年以上","资深")} -> 高级 | E66: {=_xlfn.IFS(D66="初级",1,D66="中级",2,D66="高级",3,D66="资深",4,D66="管理",5)} -> 3 | F66: 教育/公安/企业/高速-软件/信息化服务销售经验|商务谈判技巧|B端市场开发经验|通信/网络设备|软件/SaaS|业务开拓能力|互联网/科技 | G66: 石家庄 | H66: 长安区 | I66: 跃进 | J66: 5-10年 | K66: 本科 | L66: 12-20K·24薪 | M66: 定期体检|五险一金|健身房|餐补|零食下午茶|带薪年假|员工旅游|补充医疗保险|股票期权|节日福利
A67: 64 | B67: 销售岗 | C67: 北京海量数据 | D67: {=_xlfn.IFS(J67="经验不限","初级",J67="1-3年","初级",J67="3-5年","中级",J67="5-10年","高级",J67="10年以上","资深")} -> 初级 | E67: {=_xlfn.IFS(D67="初级",1,D67="中级",2,D67="高级",3,D67="资深",4,D67="管理",5)} -> 1 | F67: 软件/信息化服务销售经验|较多外勤|B端市场开发经验|面销/陌拜经验|软件/SaaS|客户关系维护|新客户开发 | G67: 北京 | H67: 海淀区 | I67: 二里庄 | J67: 1-3年 | K67: 本科 | L67: 11-20K·24薪 | M67: 餐补|零食下午茶|健身房|带薪年假|股票期权|五险一金|员工旅游|补充医疗保险|节日福利|定期体检
A68: 65 | B68: 销售岗 | C68: 北京海量数据 | D68: {=_xlfn.IFS(J68="经验不限","初级",J68="1-3年","初级",J68="3-5年","中级",J68="5-10年","高级",J68="10年以上","资深")} -> 初级 | E68: {=_xlfn.IFS(D68="初级",1,D68="中级",2,D68="高级",3,D68="资深",4,D68="管理",5)} -> 1 | F68: 客户经理-政府/社会团体|安平|轨道交通|医疗|生态|IT | G68: 青岛 | H68: 市北区 | I68: 敦化路 | J68: 1-3年 | K68: 本科 | L68: 15-20K·14薪 | M68: 健身房|补充医疗保险|定期体检|五险一金|节日福利|餐补|带薪年假|股票期权|零食下午茶|员工旅游
A69: 66 | B69: 销售经理 | C69: 北京海量数据 | D69: {=_xlfn.IFS(J69="经验不限","初级",J69="1-3年","初级",J69="3-5年","中级",J69="5-10年","高级",J69="10年以上","资深")} -> 中级 | E69: {=_xlfn.IFS(D69="初级",1,D69="中级",2,D69="高级",3,D69="资深",4,D69="管理",5)} -> 2 | F69: 面销/陌拜经验|软件/企业服务产品|面销/陌拜 | G69: 南京 | H69: 建邺区 | I69: 江东 | J69: 3-5年 | K69: 本科 | L69: 13-26K | M69: 定期体检|餐补|节日福利|员工旅游|五险一金|补充医疗保险|健身房|零食下午茶|带薪年假|股票期权
A70: 67 | B70: 销售经理 | C70: 北京海量数据 | D70: {=_xlfn.IFS(J70="经验不限","初级",J70="1-3年","初级",J70="3-5年","中级",J70="5-10年","高级",J70="10年以上","资深")} -> 中级 | E70: {=_xlfn.IFS(D70="初级",1,D70="中级",2,D70="高级",3,D70="资深",4,D70="管理",5)} -> 2 | F70: 较多外勤|制定销售策略和目标|软件/SaaS|互联网/科技|客户关系维护|新客户开发 | G70: 上海 | H70: 长宁区 | I70: 北新泾 | J70: 3-5年 | K70: 本科 | L70: 12-24K·24薪 | M70: 定期体检|带薪年假|节日福利|股票期权|五险一金|零食下午茶|餐补|员工旅游|补充医疗保险|健身房
A71: 68 | B71: 销售岗 | C71: 北京海量数据 | D71: {=_xlfn.IFS(J71="经验不限","初级",J71="1-3年","初级",J71="3-5年","中级",J71="5-10年","高级",J71="10年以上","资深")} -> 初级 | E71: {=_xlfn.IFS(D71="初级",1,D71="中级",2,D71="高级",3,D71="资深",4,D71="管理",5)} -> 1 | F71: 生态渠道-BD|集成|硬件/网络设备|软件/SaaS|生态|ISV|渠道/机构客户开发|渠道 | G71: 福州 | H71: 鼓楼区 | I71: 东街口 | J71: 1-3年 | K71: 本科 | L71: 12-18K·24薪 | M71: 定期体检|补充医疗保险|五险一金|股票期权|节日福利|零食下午茶|带薪年假|餐补|员工旅游|健身房
A72: 69 | B72: 销售岗 | C72: 北京海量数据 | D72: {=_xlfn.IFS(J72="经验不限","初级",J72="1-3年","初级",J72="3-5年","中级",J72="5-10年","高级",J72="10年以上","资深")} -> 初级 | E72: {=_xlfn.IFS(D72="初级",1,D72="中级",2,D72="高级",3,D72="资深",4,D72="管理",5)} -> 1 | F72: 行业渠道经理-代理商/经销商招募|较强的商务谈判能力|较强的渠道拓展能力|具有渠道运营管理经验|较强的沟通协调能力|硬件/网络设备|代理商体系搭建|渠道/机构客户开发|渠道关系维护|具有线下渠道销售经验|具有硬件/通信从业经验|渠道运营管理|企业服务|软件/SaaS | G72: 长沙 | H72: 开福区 | I72: 北辰三角洲 | J72: 1-3年 | K72: 本科 | L72: 10-15K·24薪 | M72: 五险一金|股票期权|定期体检|节日福利|带薪年假|补充医疗保险|员工旅游|餐补|零食下午茶|健身房
A73: 70 | B73: 销售经理 | C73: 北京海量数据 | D73: {=_xlfn.IFS(J73="经验不限","初级",J73="1-3年","初级",J73="3-5年","中级",J73="5-10年","高级",J73="10年以上","资深")} -> 中级 | E73: {=_xlfn.IFS(D73="初级",1,D73="中级",2,D73="高级",3,D73="资深",4,D73="管理",5)} -> 2 | F73: 制定销售策略和目标|新客户开发 | G73: 乌鲁木齐 | H73: 水磨沟区 | I73: 六道湾 | J73: 3-5年 | K73: 本科 | L73: 20-30K | M73: 补充医疗保险|健身房|定期体检|股票期权|带薪年假|节日福利|零食下午茶|五险一金|员工旅游|餐补
A74: 71 | B74: 销售岗 | C74: 北京海量数据 | D74: {=_xlfn.IFS(J74="经验不限","初级",J74="1-3年","初级",J74="3-5年","中级",J74="5-10年","高级",J74="10年以上","资深")} -> 初级 | E74: {=_xlfn.IFS(D74="初级",1,D74="中级",2,D74="高级",3,D74="资深",4,D74="管理",5)} -> 1 | F74: 生态合作经理-信创/AI软件 | G74: 广州 | H74: 天河区 | I74: 珠江新城 | J74: 1-3年 | K74: 本科 | L74: 11-18K·24薪 | M74: 节日福利|股票期权|补充医疗保险|餐补|五险一金|零食下午茶|健身房|员工旅游|带薪年假|定期体检
A75: 72 | B75: 销售经理 | C75: 北京海量数据 | D75: {=_xlfn.IFS(J75="经验不限","初级",J75="1-3年","初级",J75="3-5年","中级",J75="5-10年","高级",J75="10年以上","资深")} -> 中级 | F75: 生态 | G75: 北京 | H75: 海淀区 | I75: 学院路 | J75: 3-5年 | K75: 本科 | L75: 11-20K·24薪 | M75: 节日福利|股票期权|补充医疗保险|餐补|五险一金|零食下午茶|健身房|员工旅游|带薪年假|定期体检
A76: 73 | B76: 销售经理 | C76: 北京海量数据 | D76: {=_xlfn.IFS(J76="经验不限","初级",J76="1-3年","初级",J76="3-5年","中级",J76="5-10年","高级",J76="10年以上","资深")} -> 中级 | E76: {=_xlfn.IFS(D76="初级",1,D76="中级",2,D76="高级",3,D76="资深",4,D76="管理",5)} -> 2 | F76: 软件/SaaS|互联网/科技 | G76: 沈阳 | H76: 浑南区 | I76: 奥体 | J76: 3-5年 | K76: 本科 | L76: 10-15K·24薪 | M76: 员工旅游|股票期权|餐补|五险一金|定期体检|带薪年假|零食下午茶|节日福利|健身房|补充医疗保险
A77: 74 | B77: 销售经理 | C77: 北京海量数据 | D77: {=_xlfn.IFS(J77="经验不限","初级",J77="1-3年","初级",J77="3-5年","中级",J77="5-10年","高级",J77="10年以上","资深")} -> 中级 | G77: 哈密 | H77: 伊州区 | I77: 火箭农场 | J77: 3-5年 | K77: 本科 | L77: 15-25K·14薪 | M77: 健身房|补充医疗保险|零食下午茶|股票期权|定期体检|五险一金|带薪年假|员工旅游|餐补|节日福利
A78: 75 | B78: 销售经理 | C78: 北京海量数据 | D78: 中级 | E78: {=_xlfn.IFS(D78="初级",1,D78="中级",2,D78="高级",3,D78="资深",4,D78="管理",5)} -> 2 | F78: 公路|机场|城市道路|轨交|航司 | G78: 广州 | H78: 天河区 | I78: 棠下 | J78: 3-5年 | K78: 本科 | L78: 11-22K | M78: 五险一金|员工旅游|定期体检|零食下午茶|带薪年假|健身房|餐补|股票期权|节日福利|补充医疗保险
B79: 高级销售经理 | C79: 北京海量数据 | D79: 高级 | F79: 公安行业-软件/信息化服务销售经验|商务谈判技巧|B端市场开发经验|通信/网络设备|软件/SaaS|业务开拓能力|互联网/科技 | G79: 石家庄 | H79: 长安区 | I79: 跃进 | J79: 5-10年 | K79: 本科 | L79: 12-20K·24薪
A80: 76 | B80: 高级销售经理 | C80: 北京海量数据 | D80: 高级 | E80: {=_xlfn.IFS(D80="初级",1,D80="中级",2,D80="高级",3,D80="资深",4,D80="管理",5)} -> 3 | F80: 信创产品-GIS | G80: 广州 | H80: 天河区 | I80: 棠下 | J80: 5-10年 | K80: 本科 | L80: 15-25K·24薪 | M80: 员工旅游|五险一金|定期体检|带薪年假|节日福利|补充医疗保险|健身房|股票期权|餐补|零食下午茶
A81: 77 | B81: 销售岗 | C81: 北京海量数据 | D81: {=_xlfn.IFS(J81="经验不限","初级",J81="1-3年","初级",J81="3-5年","中级",J81="5-10年","高级",J81="10年以上","资深")} -> 初级 | E81: {=_xlfn.IFS(D81="初级",1,D81="中级",2,D81="高级",3,D81="资深",4,D81="管理",5)} -> 1 | F81: 企业（ToB）|对企业/机构（ToB）销售经验|软件|信息化 | G81: 北京 | H81: 海淀区 | I81: 清河 | J81: 1-3年 | K81: 本科 | L81: 12-20K | M81: 定期体检|节日福利|股票期权|补充医疗保险|员工旅游|健身房|带薪年假|餐补|零食下午茶|五险一金
A82: 78 | B82: 高级销售经理 | C82: 北京海量数据 | D82: {=_xlfn.IFS(J82="经验不限","初级",J82="1-3年","初级",J82="3-5年","中级",J82="5-10年","高级",J82="10年以上","资深")} -> 高级 | E82: {=_xlfn.IFS(D82="初级",1,D82="中级",2,D82="高级",3,D82="资深",4,D82="管理",5)} -> 3 | F82: B端市场开发经验|军工行业|央国企行业客户资源|IT行业 | G82: 成都 | H82: 武侯区 | I82: 桂溪 | J82: 5-10年 | K82: 本科 | L82: 15-30K | M82: 健身房|补充医疗保险|定期体检|带薪年假|员工旅游|五险一金|股票期权|节日福利|餐补|零食下午茶
A83: 79 | B83: 销售经理 | C83: 北京海量数据 | D83: {=_xlfn.IFS(J83="经验不限","初级",J83="1-3年","初级",J83="3-5年","中级",J83="5-10年","高级",J83="10年以上","资深")} -> 中级 | E83: {=_xlfn.IFS(D83="初级",1,D83="中级",2,D83="高级",3,D83="资深",4,D83="管理",5)} -> 2 | F83: 高校教育-软件/信息化服务销售经验|较多外勤|B端市场开发经验|制定销售策略和目标|软件/SaaS|业务开拓能力|互联网/科技|客户关系维护|新客户开发 | G83: 上海 | H83: 长宁区 | I83: 北新泾 | J83: 3-5年 | K83: 本科 | L83: 11-20K·24薪 | M83: 补充医疗保险|零食下午茶|节日福利|带薪年假|员工旅游|定期体检|五险一金|股票期权|健身房|餐补
A84: 80 | B84: 销售岗 | C84: 北京海量数据 | D84: 初级 | E84: {=_xlfn.IFS(D84="初级",1,D84="中级",2,D84="高级",3,D84="资深",4,D84="管理",5)} -> 1 | F84: 生态渠道-BD|集成|硬件/网络设备|软件/SaaS|生态|ISV|渠道|渠道关系维护 | G84: 南宁 | J84: 1-3年 | K84: 本科 | L84: 12-18K·24薪 | M84: 五险一金|员工旅游|补充医疗保险|节日福利|带薪年假|定期体检|健身房|股票期权|零食下午茶|餐补
A85: 81 | B85: 销售经理 | C85: 北京海量数据 | D85: {=_xlfn.IFS(J85="经验不限","初级",J85="1-3年","初级",J85="3-5年","中级",J85="5-10年","高级",J85="10年以上","资深")} -> 中级 | E85: {=_xlfn.IFS(D85="初级",1,D85="中级",2,D85="高级",3,D85="资深",4,D85="管理",5)} -> 2 | F85: 软件/信息化服务销售经验|较多外勤|B端市场开发经验|制定销售策略和目标|软件/SaaS|客户关系维护|新客户开发 | G85: 杭州 | H85: 上城区 | I85: 乔司 | J85: 3-5年 | K85: 本科 | L85: 12-24K·24薪 | M85: 零食下午茶|补充医疗保险|定期体检|节日福利|带薪年假|员工旅游|五险一金|健身房|餐补|股票期权
A86: 82 | B86: 销售经理 | C86: 北京海量数据 | D86: {=_xlfn.IFS(J86="经验不限","初级",J86="1-3年","初级",J86="3-5年","中级",J86="5-10年","高级",J86="10年以上","资深")} -> 中级 | E86: {=_xlfn.IFS(D86="初级",1,D86="中级",2,D86="高级",3,D86="资深",4,D86="管理",5)} -> 2 | F86: 央国企制造业方向-客户关系维护|新客户开发|收集分析市场信息|通信/网络设备|软件/SaaS|较多外勤|B端市场开发经验|软件/信息化服务销售经验|面销/陌拜经验|业务开拓能力|IT服务|软件|数据库 | G86: 深圳 | H86: 南山区 | I86: 科技园 | J86: 3-5年 | K86: 本科 | L86: 13-26K·24薪 | M86: 补充医疗保险|零食下午茶|定期体检|餐补|五险一金|节日福利|员工旅游|股票期权|带薪年假|健身房
A87: 83 | B87: 销售经理 | C87: 北京海量数据 | D87: {=_xlfn.IFS(J87="经验不限","初级",J87="1-3年","初级",J87="3-5年","中级",J87="5-10年","高级",J87="10年以上","资深")} -> 中级 | E87: {=_xlfn.IFS(D87="初级",1,D87="中级",2,D87="高级",3,D87="资深",4,D87="管理",5)} -> 2 | F87: 北京国家电网|数据局|北京党政|机要局|部委 | G87: 北京 | H87: 海淀区 | I87: 二里庄 | J87: 3-5年 | K87: 本科 | L87: 20-40K·20薪 | M87: 定期体检|五险一金|带薪年假|零食下午茶|节日福利|员工旅游|健身房|补充医疗保险|股票期权|餐补
A88: 84 | B88: 销售经理 | C88: 北京海量数据 | D88: {=_xlfn.IFS(J88="经验不限","初级",J88="1-3年","初级",J88="3-5年","中级",J88="5-10年","高级",J88="10年以上","资深")} -> 中级 | E88: {=_xlfn.IFS(D88="初级",1,D88="中级",2,D88="高级",3,D88="资深",4,D88="管理",5)} -> 2 | F88: AI向量软件-新客户开发|收集分析市场信息|客户关系维护|软件/SaaS|通信/网络设备|较多外勤|B端市场开发经验|软件/信息化服务销售经验|业务开拓能力|计算机相关学历|商务谈判技巧|互联网/科技|先进制造|企业服务 | G88: 广州 | H88: 天河区 | I88: 天河公园 | J88: 3-5年 | K88: 本科 | L88: 14-25K·24薪 | M88: 补充医疗保险|节日福利|员工旅游|股票期权|带薪年假|餐补|健身房|定期体检|零食下午茶|五险一金
A89: 85 | B89: 高级销售经理 | C89: 北京海量数据 | D89: {=_xlfn.IFS(J89="经验不限","初级",J89="1-3年","初级",J89="3-5年","中级",J89="5-10年","高级",J89="10年以上","资深")} -> 高级 | E89: {=_xlfn.IFS(D89="初级",1,D89="中级",2,D89="高级",3,D89="资深",4,D89="管理",5)} -> 3 | F89: 新客户开发|收集分析市场信息|软件/SaaS|B端市场开发经验 | G89: 郑州 | H89: 金水区 | I89: CBD | J89: 5-10年 | K89: 本科 | L89: 20-30K·16薪 | M89: 餐补|股票期权|五险一金|健身房|零食下午茶|节日福利|定期体检|员工旅游|带薪年假|补充医疗保险
A90: 86 | B90: 销售经理 | C90: 北京海量数据 | D90: {=_xlfn.IFS(J90="经验不限","初级",J90="1-3年","初级",J90="3-5年","中级",J90="5-10年","高级",J90="10年以上","资深")} -> 中级 | E90: {=_xlfn.IFS(D90="初级",1,D90="中级",2,D90="高级",3,D90="资深",4,D90="管理",5)} -> 2 | F90: 政府/社会团体|对企业/机构（ToB）销售经验|软件/企业服务产品|面销/陌拜|互联网/科技 | G90: 深圳 | H90: 南山区 | I90: 科技园 | J90: 3-5年 | K90: 本科 | L90: 12-24K·24薪 | M90: 零食下午茶|补充医疗保险|餐补|节日福利|股票期权|定期体检|员工旅游|带薪年假|健身房|五险一金
A91: 87 | B91: 高级销售经理 | C91: 北京海量数据 | D91: {=_xlfn.IFS(J91="经验不限","初级",J91="1-3年","初级",J91="3-5年","中级",J91="5-10年","高级",J91="10年以上","资深")} -> 高级 | E91: {=_xlfn.IFS(D91="初级",1,D91="中级",2,D91="高级",3,D91="资深",4,D91="管理",5)} -> 3 | F91: 大数据局/国央企/交通/医疗/教育 | G91: 长沙 | H91: 天心区 | I91: 新开铺 | J91: 5-10年 | K91: 本科 | L91: 11-20K·24薪 | M91: 五险一金|节日福利|定期体检|带薪年假|股票期权|零食下午茶|餐补|健身房|员工旅游|补充医疗保险
A92: 88 | B92: 销售岗 | C92: 北京海量数据 | D92: {=_xlfn.IFS(J92="经验不限","初级",J92="1-3年","初级",J92="3-5年","中级",J92="5-10年","高级",J92="10年以上","资深")} -> 初级 | E92: {=_xlfn.IFS(D92="初级",1,D92="中级",2,D92="高级",3,D92="资深",4,D92="管理",5)} -> 1 | F92: 生态-带教 | G92: 深圳 | H92: 南山区 | I92: 科技园 | J92: 1-3年 | K92: 本科 | L92: 10-15K·24薪 | M92: 员工旅游|带薪年假|零食下午茶|五险一金|股票期权|补充医疗保险|节日福利|定期体检|健身房|餐补
A93: 89 | B93: 销售经理 | C93: 北京海量数据 | D93: {=_xlfn.IFS(J93="经验不限","初级",J93="1-3年","初级",J93="3-5年","中级",J93="5-10年","高级",J93="10年以上","资深")} -> 中级 | E93: {=_xlfn.IFS(D93="初级",1,D93="中级",2,D93="高级",3,D93="资深",4,D93="管理",5)} -> 2 | F93: 教育/企业/政府/轨交-软件/信息化服务销售经验|IT|信创|数据库|tob|tog | G93: 南昌 | H93: 红谷滩区 | I93: 红角洲 | J93: 3-5年 | K93: 本科 | L93: 12-24K | M93: 补充医疗保险|五险一金|节日福利|股票期权|带薪年假|员工旅游|定期体检|餐补|健身房|零食下午茶
A94: 90 | B94: 高级销售经理 | C94: 北京海量数据 | D94: {=_xlfn.IFS(J94="经验不限","初级",J94="1-3年","初级",J94="3-5年","中级",J94="5-10年","高级",J94="10年以上","资深")} -> 高级 | E94: {=_xlfn.IFS(D94="初级",1,D94="中级",2,D94="高级",3,D94="资深",4,D94="管理",5)} -> 3 | F94: 政府、医疗、交通-软件/信息化服务销售经验|B端市场开发经验|软件/SaaS | G94: 西安 | H94: 雁塔区 | I94: 高新路 | J94: 5-10年 | K94: 本科 | L94: 15-25K·14薪 | M94: 补充医疗保险|零食下午茶|健身房|五险一金|员工旅游|节日福利|餐补|定期体检|带薪年假|股票期权
A95: 91 | B95: 销售经理 | C95: 北京海量数据 | D95: {=_xlfn.IFS(J95="经验不限","初级",J95="1-3年","初级",J95="3-5年","中级",J95="5-10年","高级",J95="10年以上","资深")} -> 中级 | E95: {=_xlfn.IFS(D95="初级",1,D95="中级",2,D95="高级",3,D95="资深",4,D95="管理",5)} -> 2 | F95: 软件/SaaS|B端市场开发经验|国资委企业|央企|军工央企|能源央企|制造业 | G95: 北京 | H95: 海淀区 | I95: 学院路 | J95: 3-5年 | K95: 本科 | L95: 15-30K·24薪 | M95: 五险一金|定期体检|带薪年假|员工旅游|股票期权|零食下午茶|补充医疗保险|健身房|节日福利|餐补
A96: 92 | B96: 高级销售经理 | C96: 北京海量数据 | D96: {=_xlfn.IFS(J96="经验不限","初级",J96="1-3年","初级",J96="3-5年","中级",J96="5-10年","高级",J96="10年以上","资深")} -> 高级 | E96: {=_xlfn.IFS(D96="初级",1,D96="中级",2,D96="高级",3,D96="资深",4,D96="管理",5)} -> 3 | F96: 教育行业-软件/信息化服务销售经验|商务谈判技巧|B端市场开发经验|通信/网络设备|软件/SaaS|业务开拓能力|互联网/科技 | G96: 重庆 | H96: 渝中区 | I96: 解放碑 | J96: 5-10年 | K96: 本科 | L96: 12-20K·24薪 | M96: 零食下午茶|股票期权|定期体检|五险一金|补充医疗保险|员工旅游|餐补|节日福利|带薪年假|健身房
A97: 93 | B97: 销售经理 | C97: 北京海量数据 | D97: {=_xlfn.IFS(J97="经验不限","初级",J97="1-3年","初级",J97="3-5年","中级",J97="5-10年","高级",J97="10年以上","资深")} -> 中级 | E97: {=_xlfn.IFS(D97="初级",1,D97="中级",2,D97="高级",3,D97="资深",4,D97="管理",5)} -> 2 | F97: 教育高校-软件/信息化服务销售经验|较多外勤|B端市场开发经验|制定销售策略和目标|软件/SaaS|业务开拓能力|互联网/科技|客户关系维护|新客户开发 | G97: 深圳 | H97: 南山区 | I97: 科技园 | J97: 3-5年 | K97: 本科 | L97: 11-20K·24薪 | M97: 定期体检|节日福利|健身房|股票期权|零食下午茶|员工旅游|带薪年假|餐补|补充医疗保险|五险一金
A98: 94 | B98: 销售经理/总监 | C98: 北京海量数据 | D98: 管理 | E98: {=_xlfn.IFS(D98="初级",1,D98="中级",2,D98="高级",3,D98="资深",4,D98="管理",5)} -> 5 | G98: 北京 | J98: 3-5年 | K98: 本科 | L98: 15-30K·24薪 | M98: 五险一金|定期体检|带薪年假|股票期权|餐补|补充医疗保险|零食下午茶|员工旅游|节日福利|健身房
A99: 95 | B99: 销售经理 | C99: 北京海量数据 | D99: {=_xlfn.IFS(J99="经验不限","初级",J99="1-3年","初级",J99="3-5年","中级",J99="5-10年","高级",J99="10年以上","资深")} -> 中级 | E99: {=_xlfn.IFS(D99="初级",1,D99="中级",2,D99="高级",3,D99="资深",4,D99="管理",5)} -> 2 | F99: 软件/信息化服务销售经验|企业|教育|医疗|网络安全|信息化 | G99: 南宁 | J99: 3-5年 | K99: 本科 | L99: 12-20K·24薪 | M99: 定期体检|健身房|带薪年假|补充医疗保险|五险一金|员工旅游|餐补|节日福利|零食下午茶|股票期权
A100: 96 | B100: 销售经理 | C100: 北京海量数据 | D100: {=_xlfn.IFS(J100="经验不限","初级",J100="1-3年","初级",J100="3-5年","中级",J100="5-10年","高级",J100="10年以上","资深")} -> 中级 | E100: {=_xlfn.IFS(D100="初级",1,D100="中级",2,D100="高级",3,D100="资深",4,D100="管理",5)} -> 2 | F100: 信创产品销售|医疗软件产品销售|医疗客户|软件产品销售 | G100: 天津 | H100: 南开区 | I100: 王顶堤 | J100: 3-5年 | K100: 本科 | L100: 15-25K·24薪 | M100: 股票期权|节日福利|零食下午茶|员工旅游|餐补|带薪年假|五险一金|健身房|补充医疗保险|定期体检
...

Sheet Sheet1
D1: 下限 | E1: 上限 | F1: 年终 | G1: 中位数
A2: 初级 | B2: 经验不限 | C2: =D2&"-"&E2&"K" -> 10-11K | D2: 10 | E2: 11 | G2: =(D2+E2)/2 -> 10.5
A3: 中级 | B3: 3-5年 | C3: =D3&"-"&E3&"K" -> 11-22K | D3: 11 | E3: 22 | G3: =(D3+E3)/2 -> 16.5
A4: 中级 | B4: 3-5年 | C4: =D4&"-"&E4&"K" -> 15-20K | D4: 15 | E4: 20 | G4: =(D4+E4)/2 -> 17.5
A5: 中级 | B5: 3-5年 | C5: =D5&"-"&E5&"K" -> 12-24K | D5: 12 | E5: 24 | G5: =(D5+E5)/2 -> 18
A6: 中级 | B6: 3-5年 | C6: =D6&"-"&E6&"K" -> 15-30K | D6: 15 | E6: 30 | G6: =(D6+E6)/2 -> 22.5
A7: 中级 | B7: 3-5年 | C7: =D7&"-"&E7&"K" -> 15-25K | D7: 15 | E7: 25 | G7: =(D7+E7)/2 -> 20
A8: 管理 | B8: 5-10年 | C8: =D8&"-"&E8&"K" -> 15-30K | D8: 15 | E8: 30 | G8: =(D8+E8)/2 -> 22.5
A9: 中级 | B9: 3-5年 | C9: =D9&"-"&E9&"K" -> 15-30K | D9: 15 | E9: 30 | G9: =(D9+E9)/2 -> 22.5
A10: 中级 | B10: 3-5年 | C10: =D10&"-"&E10&"K" -> 15-25K | D10: 15 | E10: 25 | G10: =(D10+E10)/2 -> 20
A11: 管理 | B11: 10年以上 | C11: =D11&"-"&E11&"K" -> 35-65K | D11: 35 | E11: 65 | G11: =(D11+E11)/2 -> 50
A12: 中级 | B12: 3-5年 | C12: =D12&"-"&E12&"K" -> 12-24K | D12: 12 | E12: 24 | G12: =(D12+E12)/2 -> 18
A13: 高级 | B13: 5-10年 | C13: =D13&"-"&E13&"K" -> 15-25K | D13: 15 | E13: 25 | G13: =(D13+E13)/2 -> 20
... A20: 管理 | B20: 5-10年 | C20: =D20&"-"&E20&"K" -> 20-35K | D20: 20 | E20: 35 | G20: =(D20+E20)/2 -> 27.5
A21: 中级 | B21: 3-5年 | C21: =D21&"-"&E21&"K" -> 11-20K | D21: 11 | E21: 20 | F21: 24薪 | G21: =(D21+E21)/2 -> 15.5
A22: 高级 | B22: 5-10年 | C22: =D22&"-"&E22&"K" -> 11-20K | D22: 11 | E22: 20 | F22: 24薪 | G22: =(D22+E22)/2 -> 15.5
A23: 初级 | B23: 1-3年 | C23: =D23&"-"&E23&"K" -> 10-15K | D23: 10 | E23: 15 | F23: 24薪 | G23: =(D23+E23)/2 -> 12.5
A24: 初级 | B24: 经验不限 | C24: =D24&"-"&E24&"K" -> 12-15K | D24: 12 | E24: 15 | F24: 24薪 | G24: =(D24+E24)/2 -> 13.5
A25: 高级 | B25: 5-10年 | C25: =D25&"-"&E25&"K" -> 13-14K | D25: 13 | E25: 14 | F25: 24薪 | G25: =(D25+E25)/2 -> 13.5
A26: 中级 | B26: 3-5年 | C26: =D26&"-"&E26&"K" -> 13-25K | D26: 13 | E26: 25 | F26: 24薪 | G26: =(D26+E26)/2 -> 19
A27: 中级 | B27: 3-5年 | C27: =D27&"-"&E27&"K" -> 15-20K | D27: 15 | E27: 20 | F27: 24薪 | G27: =(D27+E27)/2 -> 17.5
A28: 中级 | B28: 3-5年 | C28: =D28&"-"&E28&"K" -> 12-24K | D28: 12 | E28: 24 | G28: =(D28+E28)/2 -> 18
A29: 中级 | B29: 3-5年 | C29: =D29&"-"&E29&"K" -> 15-25K | D29: 15 | E29: 25 | F29: 14薪 | G29: =(D29+E29)/2 -> 20
A30: 中级 | B30: 3-5年 | C30: =D30&"-"&E30&"K" -> 15-25K | D30: 15 | E30: 25 | F30: 24薪 | G30: =(D30+E30)/2 -> 20
A31: 中级 | B31: 3-5年 | C31: =D31&"-"&E31&"K" -> 15-25K | D31: 15 | E31: 25 | F31: 24薪 | G31: =(D31+E31)/2 -> 20
A32: 管理 | B32: 3-5年 | C32: =D32&"-"&E32&"K" -> 13-26K | D32: 13 | E32: 26 | F32: 24薪 | G32: =(D32+E32)/2 -> 19.5
A33: 高级 | B33: 5-10年 | C33: =D33&"-"&E33&"K" -> 12-20K | D33: 12 | E33: 20 | F33: 24薪 | G33: =(D33+E33)/2 -> 16
A34: 初级 | B34: 1-3年 | C34: =D34&"-"&E34&"K" -> 10-15K | D34: 10 | E34: 15 | F34: 24薪 | G34: =(D34+E34)/2 -> 12.5
A35: 中级 | B35: 3-5年 | C35: =D35&"-"&E35&"K" -> 14-25K | D35: 14 | E35: 25 | F35: 24薪 | G35: =(D35+E35)/2 -> 19.5
A36: 高级 | B36: 5-10年 | C36: =D36&"-"&E36&"K" -> 11-20K | D36: 11 | E36: 20 | F36: 24薪 | G36: =(D36+E36)/2 -> 15.5
A37: 初级 | B37: 1-3年 | C37: =D37&"-"&E37&"K" -> 11-20K | D37: 11 | E37: 20 | F37: 24薪 | G37: =(D37+E37)/2 -> 15.5
A38: 中级 | B38: 3-5年 | C38: =D38&"-"&E38&"K" -> 15-20K | D38: 15 | E38: 20 | F38: 24薪 | G38: =(D38+E38)/2 -> 17.5
A39: 高级 | B39: 5-10年 | C39: =D39&"-"&E39&"K" -> 10-15K | D39: 10 | E39: 15 | F39: 24薪 | G39: =(D39+E39)/2 -> 12.5
A40: 中级 | B40: 3-5年 | C40: =D40&"-"&E40&"K" -> 11-20K | D40: 11 | E40: 20 | F40: 24薪 | G40: =(D40+E40)/2 -> 15.5
A41: 高级 | B41: 5-10年 | C41: =D41&"-"&E41&"K" -> 15-30K | D41: 15 | E41: 30 | G41: =(D41+E41)/2 -> 22.5
A42: 中级 | B42: 3-5年 | C42: =D42&"-"&E42&"K" -> 12-24K | D42: 12 | E42: 24 | G42: =(D42+E42)/2 -> 18
A43: 中级 | B43: 3-5年 | C43: =D43&"-"&E43&"K" -> 12-24K | D43: 12 | E43: 24 | G43: =(D43+E43)/2 -> 18
A44: 中级 | B44: 3-5年 | C44: =D44&"-"&E44&"K" -> 15-25K | D44: 15 | E44: 25 | F44: 24薪 | G44: =(D44+E44)/2 -> 20
A45: 高级 | B45: 5-10年 | C45: =D45&"-"&E45&"K" -> 15-25K | D45: 15 | E45: 25 | F45: 14薪 | G45: =(D45+E45)/2 -> 20
A46: 中级 | B46: 3-5年 | C46: =D46&"-"&E46&"K" -> 13-26K | D46: 13 | E46: 26 | G46: =(D46+E46)/2 -> 19.5
A47: 中级 | B47: 3-5年 | C47: =D47&"-"&E47&"K" -> 12-24K | D47: 12 | E47: 24 | F47: 24薪 | G47: =(D47+E47)/2 -> 18
A48: 管理 | B48: 5-10年 | C48: =D48&"-"&E48&"K" -> 15-25K | D48: 15 | E48: 25 | F48: 24薪 | G48: =(D48+E48)/2 -> 20
A49: 初级 | B49: 1-3年 | C49: =D49&"-"&E49&"K" -> 12-24K | D49: 12 | E49: 24 | F49: 24薪 | G49: =(D49+E49)/2 -> 18
A50: 中级 | B50: 3-5年 | C50: =D50&"-"&E50&"K" -> 10-15K | D50: 10 | E50: 15 | F50: 24薪 | G50: =(D50+E50)/2 -> 12.5
A51: 中级 | B51: 3-5年 | C51: =D51&"-"&E51&"K" -> 14-20K | D51: 14 | E51: 20 | F51: 24薪 | G51: =(D51+E51)/2 -> 17
A52: 高级 | B52: 5-10年 | C52: =D52&"-"&E52&"K" -> 15-25K | D52: 15 | E52: 25 | F52: 24薪 | G52: =(D52+E52)/2 -> 20
A53: 高级 | B53: 5-10年 | C53: =D53&"-"&E53&"K" -> 11-20K | D53: 11 | E53: 20 | F53: 24薪 | G53: =(D53+E53)/2 -> 15.5
A54: 高级 | B54: 5-10年 | C54: =D54&"-"&E54&"K" -> 15-30K | D54: 15 | E54: 30 | F54: 24薪 | G54: =(D54+E54)/2 -> 22.5
A55: 中级 | B55: 3-5年 | C55: =D55&"-"&E55&"K" -> 15-16K | D55: 15 | E55: 16 | F55: 24薪 | G55: =(D55+E55)/2 -> 15.5
A56: 中级 | B56: 3-5年 | C56: =D56&"-"&E56&"K" -> 10-15K | D56: 10 | E56: 15 | F56: 24薪 | G56: =(D56+E56)/2 -> 12.5
A57: 中级 | B57: 3-5年 | C57: =D57&"-"&E57&"K" -> 8-13K | D57: 8 | E57: 13 | F57: 24薪 | G57: =(D57+E57)/2 -> 10.5
A58: 中级 | B58: 3-5年 | C58: =D58&"-"&E58&"K" -> 15-25K | D58: 15 | E58: 25 | F58: 24薪 | G58: =(D58+E58)/2 -> 20
... A65: 初级 | B65: 1-3年 | C65: =D65&"-"&E65&"K" -> 15-20K | D65: 15 | E65: 20 | F65: 14薪 | G65: =(D65+E65)/2 -> 17.5
A66: 中级 | B66: 3-5年 | C66: =D66&"-"&E66&"K" -> 13-26K | D66: 13 | E66: 26 | G66: =(D66+E66)/2 -> 19.5
A67: 中级 | B67: 3-5年 | C67: =D67&"-"&E67&"K" -> 12-24K | D67: 12 | E67: 24 | F67: 24薪 | G67: =(D67+E67)/2 -> 18
A68: 初级 | B68: 1-3年 | C68: =D68&"-"&E68&"K" -> 12-18K | D68: 12 | E68: 18 | F68: 24薪 | G68: =(D68+E68)/2 -> 15
A69: 初级 | B69: 1-3年 | C69: =D69&"-"&E69&"K" -> 10-15K | D69: 10 | E69: 15 | F69: 24薪 | G69: =(D69+E69)/2 -> 12.5
A70: 中级 | B70: 3-5年 | C70: =D70&"-"&E70&"K" -> 20-30K | D70: 20 | E70: 30 | G70: =(D70+E70)/2 -> 25
A71: 初级 | B71: 1-3年 | C71: =D71&"-"&E71&"K" -> 11-18K | D71: 11 | E71: 18 | F71: 24薪 | G71: =(D71+E71)/2 -> 14.5
A72: 中级 | B72: 3-5年 | C72: =D72&"-"&E72&"K" -> 11-20K | D72: 11 | E72: 20 | F72: 24薪 | G72: =(D72+E72)/2 -> 15.5
A73: 中级 | B73: 3-5年 | C73: =D73&"-"&E73&"K" -> 10-15K | D73: 10 | E73: 15 | F73: 24薪 | G73: =(D73+E73)/2 -> 12.5
A74: 中级 | B74: 3-5年 | C74: =D74&"-"&E74&"K" -> 15-25K | D74: 15 | E74: 25 | F74: 14薪 | G74: =(D74+E74)/2 -> 20
A75: 中级 | B75: 3-5年 | C75: =D75&"-"&E75&"K" -> 11-22K | D75: 11 | E75: 22 | G75: =(D75+E75)/2 -> 16.5
A76: 高级 | B76: 5-10年 | C76: =D76&"-"&E76&"K" -> 12-20K | D76: 12 | E76: 20 | F76: 24薪 | G76: =(D76+E76)/2 -> 16
A77: 高级 | B77: 5-10年 | C77: =D77&"-"&E77&"K" -> 15-25K | D77: 15 | E77: 25 | F77: 24薪 | G77: =(D77+E77)/2 -> 20
A78: 初级 | B78: 1-3年 | C78: =D78&"-"&E78&"K" -> 12-20K | D78: 12 | E78: 20 | G78: =(D78+E78)/2 -> 16
A79: 高级 | B79: 5-10年 | C79: =D79&"-"&E79&"K" -> 15-30K | D79: 15 | E79: 30 | G79: =(D79+E79)/2 -> 22.5
A80: 中级 | B80: 3-5年 | C80: =D80&"-"&E80&"K" -> 11-20K | D80: 11 | E80: 20 | F80: 24薪 | G80: =(D80+E80)/2 -> 15.5
A81: 初级 | B81: 1-3年 | C81: =D81&"-"&E81&"K" -> 12-18K | D81: 12 | E81: 18 | F81: 24薪 | G81: =(D81+E81)/2 -> 15
A82: 中级 | B82: 3-5年 | C82: =D82&"-"&E82&"K" -> 12-24K | D82: 12 | E82: 24 | F82: 24薪 | G82: =(D82+E82)/2 -> 18
A83: 中级 | B83: 3-5年 | C83: =D83&"-"&E83&"K" -> 13-26K | D83: 13 | E83: 26 | F83: 24薪 | G83: =(D83+E83)/2 -> 19.5
A84: 中级 | B84: 3-5年 | C84: =D84&"-"&E84&"K" -> 20-40K | D84: 20 | E84: 40 | F84: 20薪 | G84: =(D84+E84)/2 -> 30
A85: 中级 | B85: 3-5年 | C85: =D85&"-"&E85&"K" -> 14-25K | D85: 14 | E85: 25 | F85: 24薪 | G85: =(D85+E85)/2 -> 19.5
A86: 高级 | B86: 5-10年 | C86: =D86&"-"&E86&"K" -> 20-30K | D86: 20 | E86: 30 | F86: 16薪 | G86: =(D86+E86)/2 -> 25
A87: 中级 | B87: 3-5年 | C87: =D87&"-"&E87&"K" -> 12-24K | D87: 12 | E87: 24 | F87: 24薪 | G87: =(D87+E87)/2 -> 18
A88: 高级 | B88: 5-10年 | C88: =D88&"-"&E88&"K" -> 11-20K | D88: 11 | E88: 20 | F88: 24薪 | G88: =(D88+E88)/2 -> 15.5
A89: 初级 | B89: 1-3年 | C89: =D89&"-"&E89&"K" -> 10-15K | D89: 10 | E89: 15 | F89: 24薪 | G89: =(D89+E89)/2 -> 12.5
A90: 中级 | B90: 3-5年 | C90: =D90&"-"&E90&"K" -> 12-24K | D90: 12 | E90: 24 | G90: =(D90+E90)/2 -> 18
A91: 高级 | B91: 5-10年 | C91: =D91&"-"&E91&"K" -> 15-25K | D91: 15 | E91: 25 | F91: 14薪 | G91: =(D91+E91)/2 -> 20
A92: 中级 | B92: 3-5年 | C92: =D92&"-"&E92&"K" -> 15-30K | D92: 15 | E92: 30 | F92: 24薪 | G92: =(D92+E92)/2 -> 22.5
A93: 高级 | B93: 5-10年 | C93: =D93&"-"&E93&"K" -> 12-20K | D93: 12 | E93: 20 | F93: 24薪 | G93: =(D93+E93)/2 -> 16
A94: 中级 | B94: 3-5年 | C94: =D94&"-"&E94&"K" -> 11-20K | D94: 11 | E94: 20 | F94: 24薪 | G94: =(D94+E94)/2 -> 15.5
A95: 管理 | B95: 3-5年 | C95: =D95&"-"&E95&"K" -> 15-30K | D95: 15 | E95: 30 | F95: 24薪 | G95: =(D95+E95)/2 -> 22.5
A96: 中级 | B96: 3-5年 | C96: =D96&"-"&E96&"K" -> 12-20K | D96: 12 | E96: 20 | F96: 24薪 | G96: =(D96+E96)/2 -> 16
A97: 中级 | B97: 3-5年 | C97: =D97&"-"&E97&"K" -> 15-25K | D97: 15 | E97: 25 | F97: 24薪 | G97: =(D97+E97)/2 -> 20
A98: 中级 | B98: 3-5年 | C98: =D98&"-"&E98&"K" -> 12-24K | D98: 12 | E98: 24 | F98: 24薪 | G98: =(D98+E98)/2 -> 18
A99: 中级 | B99: 3-5年 | C99: =D99&"-"&E99&"K" -> 12-22K | D99: 12 | E99: 22 | F99: 24薪 | G99: =(D99+E99)/2 -> 17
A100: 初级 | B100: 1-3年 | C100: =D100&"-"&E100&"K" -> 12-17K | D100: 12 | E100: 17 | F100: 24薪 | G100: =(D100+E100)/2 -> 14.5
A101: 中级 | B101: 3-5年 | C101: =D101&"-"&E101&"K" -> 14-28K | D101: 14 | E101: 28 | F101: 24薪 | G101: =(D101+E101)/2 -> 21
A102: 高级 | B102: 5-10年 | C102: =D102&"-"&E102&"K" -> 20-30K | D102: 20 | E102: 30 | F102: 16薪 | G102: =(D102+E102)/2 -> 25
A103: 中级 | B103: 3-5年 | C103: =D103&"-"&E103&"K" -> 12-24K | D103: 12 | E103: 24 | G103: =(D103+E103)/2 -> 18
A104: 中级 | B104: 3-5年 | C104: =D104&"-"&E104&"K" -> 15-30K | D104: 15 | E104: 30 | F104: 24薪 | G104: =(D104+E104)/2 -> 22.5
A105: 高级 | B105: 5-10年 | C105: =D105&"-"&E105&"K" -> 15-25K | D105: 15 | E105: 25 | F105: 14薪 | G105: =(D105+E105)/2 -> 20
A106: 中级 | B106: 3-5年 | C106: =D106&"-"&E106&"K" -> 12-24K | D106: 12 | E106: 24 | G106: =(D106+E106)/2 -> 18
A107: 中级 | B107: 3-5年 | C107: =D107&"-"&E107&"K" -> 15-30K | D107: 15 | E107: 30 | F107: 24薪 | G107: =(D107+E107)/2 -> 22.5
A108: 中级 | B108: 3-5年 | C108: =D108&"-"&E108&"K" -> 12-24K | D108: 12 | E108: 24 | F108: 24薪 | G108: =(D108+E108)/2 -> 18
A109: 初级 | B109: 经验不限 | C109: =D109&"-"&E109&"K" -> 11-20K | D109: 11 | E109: 20 | F109: 24薪 | G109: =(D109+E109)/2 -> 15.5
A110: 管理 | B110: 5-10年 | C110: =D110&"-"&E110&"K" -> 20-40K | D110: 20 | E110: 40 | F110: 24薪 | G110: =(D110+E110)/2 -> 30
A111: 高级 | B111: 5-10年 | C111: =D111&"-"&E111&"K" -> 15-25K | D111: 15 | E111: 25 | F111: 14薪 | G111: =(D111+E111)/2 -> 20
A112: 初级 | B112: 1-3年 | C112: =D112&"-"&E112&"K" -> 10-15K | D112: 10 | E112: 15 | G112: =(D112+E112)/2 -> 12.5
...

Sheet Sheet2
B1: 初级 | F1: 中级 | J1: 高级 | N1: 资深 | R1: 管理
B2: 10 | C2: 11 | D2: =(B2+C2)/2 -> 10.5 | F2: 11 | G2: 22 | H2: 16.5 | J2: 15 | K2: 25 | L2: 20 | N2: 30 | O2: 60 | P2: 45 | R2: 15 | S2: 30 | T2: 22.5
B3: 10 | C3: 15 | D3: =(B3+C3)/2 -> 12.5 | F3: 15 | G3: 20 | H3: 17.5 | J3: 11 | K3: 20 | L3: 15.5 | N3: 35 | O3: 65 | P3: 50 | R3: 35 | S3: 65 | T3: 50
B4: 12 | C4: 15 | D4: =(B4+C4)/2 -> 13.5 | F4: 12 | G4: 24 | H4: 18 | J4: 13 | K4: 14 | L4: 13.5 | N4: 26 | O4: 50 | P4: 38 | R4: 15 | S4: 30 | T4: 22.5
B5: 10 | C5: 15 | D5: =(B5+C5)/2 -> 12.5 | F5: 15 | G5: 30 | H5: 22.5 | J5: 12 | K5: 20 | L5: 16 | N5: 30 | O5: 60 | P5: 45 | R5: 20 | S5: 40 | T5: 30
B6: 11 | C6: 20 | D6: =(B6+C6)/2 -> 15.5 | F6: 15 | G6: 25 | H6: 20 | J6: 11 | K6: 20 | L6: 15.5 | N6: 30 | O6: 60 | P6: 45 | R6: 15 | S6: 30 | T6: 22.5
B7: 12 | C7: 24 | D7: =(B7+C7)/2 -> 18 | F7: 15 | G7: 30 | H7: 22.5 | J7: 10 | K7: 15 | L7: 12.5 | N7: 30 | O7: 60 | P7: 45 | R7: 15 | S7: 30 | T7: 22.5
B8: 11 | C8: 20 | D8: =(B8+C8)/2 -> 15.5 | F8: 15 | G8: 25 | H8: 20 | J8: 15 | K8: 30 | L8: 22.5 | N8: 30 | O8: 60 | P8: 45 | R8: 20 | S8: 35 | T8: 27.5
B9: 15 | C9: 20 | D9: =(B9+C9)/2 -> 17.5 | F9: 12 | G9: 24 | H9: 18 | J9: 15 | K9: 25 | L9: 20 | N9: 30 | O9: 60 | P9: 45 | R9: 13 | S9: 26 | T9: 19.5
B10: 12 | C10: 18 | D10: =(B10+C10)/2 -> 15 | F10: 20 | G10: 28 | H10: 24 | J10: 15 | K10: 25 | L10: 20 | M10: 平均数 | P10: =AVERAGE(P2:P9) -> 44.75 | R10: 15 | S10: 25 | T10: 20
B11: 10 | C11: 15 | D11: =(B11+C11)/2 -> 12.5 | F11: 12 | G11: 20 | H11: 16 | J11: 11 | K11: 20 | L11: 15.5 | M11: 中位数 | P11: =MEDIAN(P2:P9) -> 45 | R11: 15 | S11: 25 | T11: 20
B12: 11 | C12: 18 | D12: =(B12+C12)/2 -> 14.5 | F12: 11 | G12: 20 | H12: 15.5 | J12: 15 | K12: 30 | L12: 22.5 | R12: 15 | S12: 30 | T12: 22.5
B13: 12 | C13: 20 | D13: =(B13+C13)/2 -> 16 | F13: 13 | G13: 25 | H13: 19 | J13: 15 | K13: 25 | L13: 20 | R13: 20 | S13: 40 | T13: 30
B14: 12 | C14: 18 | D14: =(B14+C14)/2 -> 15 | F14: 15 | G14: 20 | H14: 17.5 | J14: 15 | K14: 30 | L14: 22.5 | Q14: 平均数 | T14: =AVERAGE(T2:T13) -> 25.791667
B15: 10 | C15: 15 | D15: =(B15+C15)/2 -> 12.5 | F15: 12 | G15: 24 | H15: 18 | J15: 12 | K15: 20 | L15: 16 | Q15: 中位数 | T15: =MEDIAN(T2:T13) -> 22.5
B16: 12 | C16: 17 | D16: =(B16+C16)/2 -> 14.5 | F16: 15 | G16: 25 | H16: 20 | J16: 12 | K16: 20 | L16: 16
B17: 11 | C17: 20 | D17: =(B17+C17)/2 -> 15.5 | F17: 15 | G17: 25 | H17: 20 | J17: 15 | K17: 25 | L17: 20
B18: 10 | C18: 15 | D18: =(B18+C18)/2 -> 12.5 | F18: 15 | G18: 25 | H18: 20 | J18: 15 | K18: 30 | L18: 22.5
B19: 12 | C19: 16 | D19: =(B19+C19)/2 -> 14 | F19: 14 | G19: 25 | H19: 19.5 | J19: 20 | K19: 30 | L19: 25
B20: 8 | C20: 13 | D20: =(B20+C20)/2 -> 10.5 | F20: 15 | G20: 20 | H20: 17.5 | J20: 11 | K20: 20 | L20: 15.5
B21: 12 | C21: 16 | D21: =(B21+C21)/2 -> 14 | F21: 11 | G21: 20 | H21: 15.5 | J21: 15 | K21: 25 | L21: 20
B22: 12 | C22: 16 | D22: =(B22+C22)/2 -> 14 | F22: 12 | G22: 24 | H22: 18 | J22: 12 | K22: 20 | L22: 16
B23: 10 | C23: 15 | D23: =(B23+C23)/2 -> 12.5 | F23: 12 | G23: 24 | H23: 18 | J23: 20 | K23: 30 | L23: 25
B24: 12 | C24: 16 | D24: =(B24+C24)/2 -> 14 | F24: 15 | G24: 25 | H24: 20 | J24: 15 | K24: 25 | L24: 20
A25: 平均数 | D25: =AVERAGE(D2:D24) -> 14.021739 | F25: 13 | G25: 26 | H25: 19.5 | J25: 15 | K25: 25 | L25: 20
A26: 中位数 | D26: =MEDIAN(D2:D24) -> 14 | F26: 12 | G26: 24 | H26: 18 | J26: 15 | K26: 16 | L26: 15.5
F27: 10 | G27: 15 | H27: 12.5 | J27: 30 | K27: 50 | L27: 40
F28: 14 | G28: 20 | H28: 17 | J28: 30 | K28: 60 | L28: 45
F29: 15 | G29: 16 | H29: 15.5 | J29: 25 | K29: 40 | L29: 32.5
F30: 10 | G30: 15 | H30: 12.5 | J30: 30 | K30: 35 | L30: 32.5
F31: 8 | G31: 13 | H31: 10.5 | J31: 30 | K31: 50 | L31: 40
F32: 15 | G32: 25 | H32: 20 | J32: 40 | K32: 60 | L32: 50
F33: 12 | G33: 24 | H33: 18 | J33: 35 | K33: 65 | L33: 50
F34: 13 | G34: 26 | H34: 19.5 | J34: 20 | K34: 40 | L34: 30
F35: 12 | G35: 24 | H35: 18 | J35: 30 | K35: 60 | L35: 45
F36: 20 | G36: 30 | H36: 25 | J36: 30 | K36: 60 | L36: 45
F37: 11 | G37: 20 | H37: 15.5 | J37: 30 | K37: 60 | L37: 45
F38: 10 | G38: 15 | H38: 12.5 | J38: 30 | K38: 60 | L38: 45
... F40: 11 | G40: 22 | H40: 16.5 | J40: 35 | K40: 65 | L40: 50
F41: 11 | G41: 20 | H41: 15.5 | I41: 平均数 | J41: 30 | K41: 50 | L41: 40
F42: 12 | G42: 24 | H42: 18 | I42: 中位数 | L42: =AVERAGE(L2:L41) -> 27.5625
F43: 13 | G43: 26 | H43: 19.5 | L43: =MEDIAN(L2:L42) -> 22.5
F44: 20 | G44: 40 | H44: 30
F45: 14 | G45: 25 | H45: 19.5
F46: 12 | G46: 24 | H46: 18
F47: 12 | G47: 24 | H47: 18
F48: 15 | G48: 30 | H48: 22.5
F49: 11 | G49: 20 | H49: 15.5
F50: 12 | G50: 20 | H50: 16
F51: 15 | G51: 25 | H51: 20
F52: 12 | G52: 24 | H52: 18
F53: 12 | G53: 22 | H53: 17
F54: 14 | G54: 28 | H54: 21
F55: 12 | G55: 24 | H55: 18
... F69: 20 | G69: 40 | H69: 30
F70: 22 | G70: 40 | H70: =(F70+G70)/2 -> 31
F71: 25 | G71: 50 | H71: 37.5
E72: 平均数 | H72: =AVERAGE(H2:H71) -> 21.321429
E73: 中位数 | H73: =MEDIAN(H2:H71) -> 19.25
